{
  "Author": "Chirp",
  "Name": "SelfCare",
  "InternalName": "SelfCare",
  "AssemblyVersion": "0.2.3.0",
  "Description": "Configurable reminders to hydrate and maintain a healthy posture.",
  "ApplicableVersion": "any",
  "RepoUrl": "https://github.com/chirpxiv/SelfCare",
  "Tags": [
    "SelfCare",
    "posture",
    "hydrate",
    "water"
  ],
  "DalamudApiLevel": 13,
  "LoadRequiredState": 0,
  "LoadSync": false,
  "CanUnloadAsync": false,
  "LoadPriority": 0,
  "IconUrl": "https://github.com/chirpxiv/SelfCare/raw/main/icon.png",
  "Punchline": "Remember to check your posture!",
  "AcceptsFeedback": true
}