{
  "Author": "Ottermandias",
  "Name": "RezPls",
  "InternalName": "RezPls",
  "AssemblyVersion": "1.4.0.0",
  "Description": "Easy overview about who is currently resurrecting who,\nwho is already resurrected,\nand who has removable detrimental status effects in the world \nas well as in the group or alliance interface.",
  "ApplicableVersion": "any",
  "RepoUrl": "https://github.com/Ottermandias/RezPls",
  "Tags": [
    "Resurrection",
    "Raise",
    "Debuff",
    "Condition",
    "Status Effect",
    "Cleanse",
    "Esuna",
    "Highlight",
    "Interface"
  ],
  "DalamudApiLevel": 11,
  "LoadRequiredState": 0,
  "LoadSync": false,
  "CanUnloadAsync": false,
  "LoadPriority": 0,
  "Punchline": "Highlighting of Raises and detrimental status effects.",
  "AcceptsFeedback": true
}