{
  "Author": "Vielle Janlenoux",
  "Name": "Snooper",
  "InternalName": "Snooper",
  "AssemblyVersion": "1.4.0.2",
  "Description": "Adds a /snooper command that shows a separate window that shows only messages from the player you're currently targeting. Useful for keeping track of different conversations during crowded RP events.",
  "ApplicableVersion": "any",
  "RepoUrl": "https://codeberg.org/Linneris/dalamud-snooper",
  "Tags": [
    "chat",
    "rp",
    "roleplay",
    "listener",
    "snooper"
  ],
  "DalamudApiLevel": 12,
  "LoadRequiredState": 0,
  "LoadSync": false,
  "CanUnloadAsync": false,
  "LoadPriority": 0,
  "Punchline": "See chat messages from your current target in a separate window.",
  "AcceptsFeedback": true
}