{
  "Author": "Caraxi",
  "Name": "Adventurer in Need",
  "InternalName": "AdventurerInNeed",
  "AssemblyVersion": "1.3.0.2",
  "Description": "Recieve a notification when a duty roulette is in need of a role. /pbonus to setup",
  "ApplicableVersion": "any",
  "RepoUrl": "https://github.com/Caraxi/AdventurerInNeed",
  "DalamudApiLevel": 8,
  "LoadRequiredState": 0,
  "LoadSync": false,
  "LoadPriority": 0,
  "Punchline": "Recieve a notification when a duty roulette is in need of a role.",
  "AcceptsFeedback": true
}