{
  "Author": "daemitus",
  "Name": "ezFauxHollows",
  "InternalName": "FauxHollowsSolver",
  "AssemblyVersion": "1.2.0.0",
  "Description": "This plugin highlights tiles in Faux Hollows that represent the best potential action you can take.",
  "ApplicableVersion": "any",
  "RepoUrl": "https://github.com/daemitus/FauxHollowsSolver",
  "DalamudApiLevel": 8,
  "LoadRequiredState": 0,
  "LoadSync": false,
  "LoadPriority": 0,
  "ImageUrls": [
    "https://raw.githubusercontent.com/daemitus/FauxHollowsSolver/master/res/image1.png"
  ],
  "IconUrl": "https://raw.githubusercontent.com/daemitus/FauxHollowsSolver/master/res/icon.png",
  "Punchline": "Highlights recommended tiles in Faux Hollows for your next move.",
  "AcceptsFeedback": true
}