{
  "Author": "NotNite",
  "Name": "Better in Blue",
  "InternalName": "BetterInBlue",
  "AssemblyVersion": "1.2.0.1",
  "Description": "Allows you to save, load, and share infinite Blue Mage spell loadouts.",
  "ApplicableVersion": "any",
  "Tags": [
    "blue",
    "mage",
    "blu",
    "spell",
    "action"
  ],
  "DalamudApiLevel": 9,
  "LoadRequiredState": 0,
  "LoadSync": false,
  "CanUnloadAsync": false,
  "LoadPriority": 0,
  "IconUrl": "https://raw.githubusercontent.com/NotNite/BetterInBlue/main/icon.png",
  "Punchline": "Infinite Blue Mage spell loadouts.",
  "AcceptsFeedback": true
}