<?xml version="1.0"?>
<doc>
    <assembly>
        <name>NotificationMaster</name>
    </assembly>
    <members>
        <member name="F:NotificationMaster.Native.FlashWindow.FLASHW_STOP">
            <summary>
            Stop flashing. The system restores the window to its original state.
            </summary>    
        </member>
        <member name="F:NotificationMaster.Native.FlashWindow.FLASHW_CAPTION">
            <summary>
            Flash the window caption
            </summary>
        </member>
        <member name="F:NotificationMaster.Native.FlashWindow.FLASHW_TRAY">
            <summary>
            Flash the taskbar button.
            </summary>
        </member>
        <member name="F:NotificationMaster.Native.FlashWindow.FLASHW_ALL">
            <summary>
            Flash both the window caption and taskbar button.
            This is equivalent to setting the FLASHW_CAPTION | FLASHW_TRAY flags.
            </summary>
        </member>
        <member name="F:NotificationMaster.Native.FlashWindow.FLASHW_TIMER">
            <summary>
            Flash continuously, until the FLASHW_STOP flag is set.
            </summary>
        </member>
        <member name="F:NotificationMaster.Native.FlashWindow.FLASHW_TIMERNOFG">
            <summary>
            Flash continuously until the window comes to the foreground.
            </summary>
        </member>
        <member name="M:NotificationMaster.Native.ApplicationIsActivated">
            <summary>Returns true if the current application has focus, false otherwise</summary>
        </member>
        <member name="F:NotificationMaster.ChatMessageElement.CompareType">
            <summary>
            0: Exact; 1: Case insensitive; 2: Regexp
            </summary>
        </member>
    </members>
</doc>
