{
  "Author": "Koenari",
  "Name": "Himbeertoni Raid Tool",
  "InternalName": "HimbeertoniRaidTool",
  "AssemblyVersion": "1.3.3.1",
  "Description": "A collection of useful tools for RaidGroups, including loot management",
  "ApplicableVersion": "any",
  "RepoUrl": "https://github.com/Koenari/HimbeertoniRaidTool/wiki",
  "Tags": [
    "Raid",
    "Loot",
    "Equipment",
    "Gear"
  ],
  "DalamudApiLevel": 8,
  "LoadRequiredState": 0,
  "LoadSync": false,
  "CanUnloadAsync": false,
  "LoadPriority": 0,
  "ImageUrls": [
    "https://raw.githubusercontent.com/Koenari/HimbeertoniRaidTool/master/OtherResources/assets/loot_session.png",
    "https://raw.githubusercontent.com/Koenari/HimbeertoniRaidTool/master/OtherResources/assets/raid_view.png",
    "https://raw.githubusercontent.com/Koenari/HimbeertoniRaidTool/master/OtherResources/assets/solo_view.png"
  ],
  "IconUrl": "https://raw.githubusercontent.com/Koenari/HimbeertoniRaidTool/master/images/icon.png",
  "Punchline": "All you need for Raiding",
  "Changelog": "Ui: You can now manage jobs directly in solo and detail view\nUi: Old Examine button is now Quick Compare\nLootRule: Fixed \"Can Buy\"\nOptions: reworked Ui for loot rules\nLootSession: You can ignore players/jobs based on certain rules\nLootMaster: you can now edit name + role priority for the Solo group        \nTranslation: Updated French translation (Thanks to Arganier)",
  "AcceptsFeedback": true
}