{
  "Author": "Koenari",
  "Name": "Himbeertoni Raid Tool",
  "InternalName": "HimbeertoniRaidTool",
  "AssemblyVersion": "1.9.0.5",
  "Description": "A collection of useful tools for raid groups, including loot management",
  "ApplicableVersion": "any",
  "RepoUrl": "https://github.com/Koenari/HimbeertoniRaidTool/",
  "Tags": [
    "Raid",
    "Loot",
    "Equipment",
    "Gear"
  ],
  "DalamudApiLevel": 12,
  "LoadRequiredState": 0,
  "LoadSync": false,
  "CanUnloadAsync": false,
  "LoadPriority": 0,
  "Punchline": "All you need for Raiding",
  "Changelog": "    User Interface: Reorganized buttons in gear edit to account for long names\n    User Interface: Edit windows and inventory window open centered now\n",
  "AcceptsFeedback": true
}