{
  "Author": "Koenari",
  "Name": "Himbeertoni Raid Tool",
  "InternalName": "HimbeertoniRaidTool",
  "AssemblyVersion": "1.3.4.1",
  "Description": "A collection of useful tools for RaidGroups, including loot management",
  "ApplicableVersion": "any",
  "RepoUrl": "https://github.com/Koenari/HimbeertoniRaidTool/wiki",
  "Tags": [
    "Raid",
    "Loot",
    "Equipment",
    "Gear"
  ],
  "DalamudApiLevel": 9,
  "LoadRequiredState": 0,
  "LoadSync": false,
  "CanUnloadAsync": false,
  "LoadPriority": 0,
  "ImageUrls": [
    "https://raw.githubusercontent.com/Koenari/HimbeertoniRaidTool/master/OtherResources/assets/loot_session.png",
    "https://raw.githubusercontent.com/Koenari/HimbeertoniRaidTool/master/OtherResources/assets/raid_view.png",
    "https://raw.githubusercontent.com/Koenari/HimbeertoniRaidTool/master/OtherResources/assets/solo_view.png"
  ],
  "IconUrl": "https://raw.githubusercontent.com/Koenari/HimbeertoniRaidTool/master/images/icon.png",
  "Punchline": "All you need for Raiding",
  "Changelog": "BiS: Can create BiS from etro link as well as the etro id\nBiS: Fixed an issue with BiS being empty for new jobs\nBiS: Switched to using BiS sets curated by etro.gg\nBiS: Removed user curated defaults from config",
  "AcceptsFeedback": true
}