{
  "Author": "Mistralsa",
  "Name": "Hotbar Backup",
  "InternalName": "HotbarBackup",
  "AssemblyVersion": "1.0.0.2",
  "Description": "Exports your current class hotbar into a JSON for backups. Allows imports from the same export on classes you don't have.",
  "ApplicableVersion": "any",
  "Tags": [
    "hotbar",
    "management",
    "backup",
    "utility"
  ],
  "DalamudApiLevel": 12,
  "LoadRequiredState": 0,
  "LoadSync": false,
  "CanUnloadAsync": false,
  "LoadPriority": 0,
  "Punchline": "Exports your current class hotbar into text. Allows imports too!",
  "AcceptsFeedback": true
}