﻿[
    {
        "order": 1,
        "head": 7,
        "objIds": [
            20714,
            20715,
            20717,
            20718,
            20719,
            20720,
            20721,
            20725,
            20732,
            22352,
            23913,
            23914
        ]
    },
    {
        "order": 2,
        "head": 42,
        "objIds": [
            20703,
            20722,
            20723,
            20731,
            23919,
            23921
        ]
    },
    {
        "order": 3,
        "head": 71,
        "objIds": [
            20724,
            20726,
            20727,
            20728,
            20729,
            20730,
            22345,
            23912,
            23920
        ]
    },
    {
        "order": 4,
        "head": 103,
        "objIds": [
            20706,
            20707,
            20709,
            20710,
            20711,
            20712,
            20713,
            22355,
            22356,
            23908,
            23915,
            23916,
            23917
        ]
    },
    {
        "order": 5,
        "head": 139,
        "objIds": [
            20705,
            20708,
            20716,
            20733,
            22344,
            23918
        ]
    },
    {
        "order": 6,
        "head": 168,
        "objIds": [
            20701,
            20702,
            20704,
            22353,
            22354,
            23909,
            23910
        ]
    },
    {
        "order": 7,
        "head": 198,
        "objIds": [
            20734,
            20735,
            20736,
            20737,
            20738,
            20739,
            20740,
            20741,
            20742,
            20743,
            20744, 
            20745,
            20746,
            20747, 
            20748
        ]
    },
    {
        "order": 8,
        "head": 231,
        "objIds": [
            20749,
            20750,
            20751,
            20752, 
            20753,
            20754,
            20755,
            20756,
            20757,
            20758,
            20759,
            20760,
            20761,
            20762,
            20763
        ]
    },
    {
        "order": 9,
        "head": 264,
        "objIds": [
            20764,
            20765,
            20766,
            20767,
            20768,
            20769,
            20770,
            22346,
            22347,
            22348,
            22349,
            22350,
            22351,
            23907,
            23911,
            23922
        ]
    }
]