{
  "Author": "daemitus, hiroa, MidoriKami, foophoof",
  "Name": "ZodiacBuddy",
  "InternalName": "ZodiacBuddy",
  "AssemblyVersion": "1.13.0.2",
  "Description": "This plugin attempts to help you complete your Zodiac weapon in various ways.",
  "ApplicableVersion": "any",
  "RepoUrl": "https://github.com/foophoof/ZodiacBuddy",
  "DalamudApiLevel": 13,
  "LoadRequiredState": 0,
  "LoadSync": false,
  "CanUnloadAsync": false,
  "LoadPriority": 0,
  "Punchline": "Complete your Zodiac relic with style.",
  "AcceptsFeedback": true
}