{
  "Author": "ocealot, cyf5119(汉化)",
  "Name": "JobBars",
  "InternalName": "JobBars",
  "AssemblyVersion": "1.2.4.3",
  "Description": "额外的职业量谱，小队增益计时器，减伤监控，以及更多。图标来自PAPACHIN\n汉化了绝大多数内容，但仍有几个不明确，待补充。",
  "ApplicableVersion": "any",
  "RepoUrl": "https://github.com/cyf5119/JobBars",
  "Tags": [
    "UI",
    "Bars"
  ],
  "DalamudApiLevel": 9,
  "LoadRequiredState": 0,
  "LoadSync": false,
  "CanUnloadAsync": false,
  "LoadPriority": 0,
  "Punchline": "额外职业量谱",
  "AcceptsFeedback": true
}