{
  "Author": "MidoriKami",
  "Name": "Chill Frames",
  "InternalName": "ChillFrames",
  "AssemblyVersion": "3.1.1.4",
  "Description": "Tired of your GPU melting your face off while just running around? Why render at 240 FPS when you're just staring at that gathering node? Fret no more! Chill Frames allows you dynamically limit your framerate when doing unimportant tasks!",
  "ApplicableVersion": "any",
  "RepoUrl": "https://github.com/MidoriKami/ChillFrames",
  "Tags": [
    "fps",
    "chill",
    "limiter",
    "dtr"
  ],
  "DalamudApiLevel": 12,
  "LoadRequiredState": 0,
  "LoadSync": false,
  "CanUnloadAsync": false,
  "LoadPriority": 0,
  "Punchline": "Dynamic Framerate Limiter, changes fps limit depend on what you are doing",
  "AcceptsFeedback": false
}