{
  "Author": "ascclemens, VergilGao",
  "Name": "Good Memory CN",
  "InternalName": "GoodMemory",
  "AssemblyVersion": "1.1.3",
  "Description": "在物品详情中添加一个选项来标识您是否已经获得该物品。\n\n此指示器在物品描述中的底部显示“已获得：是/否”。\n只作用于可解锁的物品，比如乐谱、宠物等。\n残破的乐谱会显示他可以制造的成品乐谱的获得情况。\n\nSE竟然说这个功能无法实现！！",
  "ApplicableVersion": "any",
  "RepoUrl": "https://github.com/VergilGao/GoodMemoryCN",
  "DalamudApiLevel": 8,
  "LoadRequiredState": 0,
  "LoadSync": false,
  "CanUnloadAsync": false,
  "LoadPriority": 0,
  "Punchline": "在物品详情中添加一个选项来标识您是否已经获得该物品。",
  "AcceptsFeedback": true
}