{
  "Author": "Drahsid",
  "Name": "Resizable HUD",
  "InternalName": "ResizableHUD",
  "AssemblyVersion": "1.3.0.0",
  "Description": "Allows you to more freely and precisely scale and position HUD elements.",
  "ApplicableVersion": "any",
  "RepoUrl": "https://github.com/Drahsid/ResizableHUD",
  "DalamudApiLevel": 10,
  "LoadRequiredState": 0,
  "LoadSync": false,
  "CanUnloadAsync": false,
  "LoadPriority": 0,
  "Punchline": "Move and scale vanilla hud elements to your liking!",
  "AcceptsFeedback": true
}