{
  "Author": "James Keesey",
  "Name": "Chatter",
  "InternalName": "Chatter",
  "AssemblyVersion": "1.3.2.0",
  "Description": "Allows for saving chat conversations, separated by groups of people and chat types.",
  "ApplicableVersion": "any",
  "RepoUrl": "https://github.com/jlkeesey/Chatter",
  "Tags": [
    "chat",
    "Utility",
    "cats"
  ],
  "DalamudApiLevel": 13,
  "LoadRequiredState": 0,
  "LoadSync": false,
  "CanUnloadAsync": false,
  "LoadPriority": 0,
  "Punchline": "Saves and filters chats.",
  "AcceptsFeedback": true
}