{
  "Author": "Bluefissure",
  "Name": "OBSPlugin",
  "InternalName": "OBSPlugin",
  "AssemblyVersion": "1.0.2.5",
  "Description": "A plugin to control OBS by WebSocket, streaming with any UI modification is not recommended.",
  "ApplicableVersion": "any",
  "RepoUrl": "https://github.com/Bluefissure/Dalamud-OBS",
  "Tags": [
    "OBS",
    "UI",
    "Util"
  ],
  "DalamudApiLevel": 8,
  "LoadRequiredState": 0,
  "LoadSync": false,
  "LoadPriority": 0,
  "Punchline": "Control OBS by websocket",
  "AcceptsFeedback": true
}