<?xml version="1.0"?>
<doc>
    <assembly>
        <name>PlayerTrack</name>
    </assembly>
    <members>
        <member name="T:PlayerTrack.API.IPlayerTrackAPI">
            <summary>
            Interface to communicate with PlayerTrack.
            </summary>
        </member>
        <member name="P:PlayerTrack.API.IPlayerTrackAPI.APIVersion">
            <summary>
            Gets api version.
            </summary>
        </member>
        <member name="M:PlayerTrack.API.IPlayerTrackAPI.GetPlayerCurrentNameWorld(System.String,System.UInt32)">
            <summary>
            Gets the player's current name and world.
            </summary>
            <param name="name">full player name at point in time.</param>
            <param name="worldId">player home world id at point in time.</param>
            <returns>string in the form of (name worldId).</returns>
        </member>
        <member name="M:PlayerTrack.API.IPlayerTrackAPI.GetPlayerNotes(System.String,System.UInt32)">
            <summary>
            Get notes for player.
            </summary>
            <param name="name">player's full name.</param>
            <param name="worldId">player home world id.</param>
            <returns>notes.</returns>
        </member>
        <member name="M:PlayerTrack.API.IPlayerTrackAPI.GetPlayerNameWorldHistories(System.ValueTuple{System.String,System.UInt32}[])">
            <summary>
            Returns the player names/world history for a list of players
            </summary>
            <param name="players">tuple array of (player name, world id)</param>
            <returns>tuple array of current (player name, world id) and an array of (player name, world id) name/world changes.</returns>
        </member>
        <member name="T:PlayerTrack.API.PlayerTrackAPI">
            <inheritdoc cref="T:PlayerTrack.API.IPlayerTrackAPI" />
        </member>
        <member name="M:PlayerTrack.API.PlayerTrackAPI.#ctor">
            <summary>
            Initializes a new instance of the <see cref="T:PlayerTrack.API.PlayerTrackAPI"/> class.
            </summary>
        </member>
        <member name="P:PlayerTrack.API.PlayerTrackAPI.APIVersion">
            <inheritdoc />
        </member>
        <member name="M:PlayerTrack.API.PlayerTrackAPI.GetPlayerCurrentNameWorld(System.String,System.UInt32)">
            <inheritdoc />
        </member>
        <member name="M:PlayerTrack.API.PlayerTrackAPI.GetPlayerNotes(System.String,System.UInt32)">
            <inheritdoc />
        </member>
        <member name="M:PlayerTrack.API.PlayerTrackAPI.GetPlayerNameWorldHistories(System.ValueTuple{System.String,System.UInt32}[])">
            <inheritdoc />
        </member>
        <member name="T:PlayerTrack.API.PlayerTrackProvider">
            <summary>
            IPC for PlayerTrack plugin.
            </summary>
        </member>
        <member name="F:PlayerTrack.API.PlayerTrackProvider.LabelProviderApiVersion">
            <summary>
            API Version.
            </summary>
        </member>
        <member name="F:PlayerTrack.API.PlayerTrackProvider.LabelProviderGetPlayerCurrentNameWorld">
            <summary>
            GetPlayerCurrentNameWorld.
            </summary>
        </member>
        <member name="F:PlayerTrack.API.PlayerTrackProvider.LabelProviderGetPlayerNotes">
            <summary>
            GetPlayerNotes.
            </summary>
        </member>
        <member name="F:PlayerTrack.API.PlayerTrackProvider.LabelProviderGetPlayerNameWorldHistories">
            <summary>
            GetPlayerNameWorldHistories.
            </summary>
        </member>
        <member name="F:PlayerTrack.API.PlayerTrackProvider.API">
            <summary>
            API.
            </summary>
        </member>
        <member name="F:PlayerTrack.API.PlayerTrackProvider.ProviderAPIVersion">
            <summary>
            ProviderAPIVersion.
            </summary>
        </member>
        <member name="F:PlayerTrack.API.PlayerTrackProvider.ProviderGetPlayerCurrentNameWorld">
            <summary>
            GetPlayerCurrentNameWorld.
            </summary>
        </member>
        <member name="F:PlayerTrack.API.PlayerTrackProvider.ProviderGetPlayerNotes">
            <summary>
            GetPlayerNotes.
            </summary>
        </member>
        <member name="F:PlayerTrack.API.PlayerTrackProvider.GetPlayerNameWorldHistories">
            <summary>
            GetUniquePlayerNameWorldHistories.
            </summary>
        </member>
        <member name="M:PlayerTrack.API.PlayerTrackProvider.#ctor(Dalamud.Plugin.IDalamudPluginInterface,PlayerTrack.API.IPlayerTrackAPI)">
            <summary>
            Initializes a new instance of the <see cref="T:PlayerTrack.API.PlayerTrackProvider"/> class.
            </summary>
            <param name="pluginInterface">plugin interface.</param>
            <param name="api">plugin api.</param>
        </member>
        <member name="M:PlayerTrack.API.PlayerTrackProvider.Dispose">
            <summary>
            Dispose IPC.
            </summary>
        </member>
        <member name="T:PlayerTrack.Nameplates.INamePlateGui">
            <summary>
            Class used to modify the data used when rendering nameplates.
            </summary>
        </member>
        <member name="T:PlayerTrack.Nameplates.INamePlateGui.OnPlateUpdateDelegate">
            <summary>
            The delegate used for receiving nameplate update events.
            </summary>
            <param name="context">An object containing information about the pending data update.</param>
            <param name="handlers>>">A list of handlers used for updating nameplate data.</param>
        </member>
        <member name="E:PlayerTrack.Nameplates.INamePlateGui.OnNamePlateUpdate">
            <summary>
            An event which fires when nameplate data is updated and at least one nameplate has important updates. The
            subscriber is provided with a list of handlers for nameplates with important updates.
            </summary>
        </member>
        <member name="E:PlayerTrack.Nameplates.INamePlateGui.OnDataUpdate">
            <summary>
            An event which fires when nameplate data is updated. The subscriber is provided with a list of handlers for all
            nameplates. This event is likely to fire every frame even when no nameplates are actually updated, so in most
            cases <see cref="E:PlayerTrack.Nameplates.INamePlateGui.OnNamePlateUpdate"/> is preferred.
            </summary>
        </member>
        <member name="M:PlayerTrack.Nameplates.INamePlateGui.RequestRedraw">
            <summary>
            Requests that all nameplates should be redrawn on the following frame.
            </summary>
        </member>
        <member name="T:PlayerTrack.Nameplates.NamePlateGui">
            <summary>
            Class used to modify the data used when rendering nameplates.
            </summary>
        </member>
        <member name="F:PlayerTrack.Nameplates.NamePlateGui.NumberArrayIndex">
            <summary>
            The index for the number array used by the NamePlate addon.
            </summary>
        </member>
        <member name="F:PlayerTrack.Nameplates.NamePlateGui.StringArrayIndex">
            <summary>
            The index for the string array used by the NamePlate addon.
            </summary>
        </member>
        <member name="F:PlayerTrack.Nameplates.NamePlateGui.NumberArrayFullUpdateIndex">
            <summary>
            The index for of the FullUpdate entry in the NamePlate number array.
            </summary>
        </member>
        <member name="F:PlayerTrack.Nameplates.NamePlateGui.EmptyStringPointer">
            <summary>
            An empty null-terminated string pointer allocated in unmanaged memory, used to tag removed fields.
            </summary>
        </member>
        <member name="E:PlayerTrack.Nameplates.NamePlateGui.OnNamePlateUpdate">
            <inheritdoc/>
        </member>
        <member name="E:PlayerTrack.Nameplates.NamePlateGui.OnDataUpdate">
            <inheritdoc/>
        </member>
        <member name="M:PlayerTrack.Nameplates.NamePlateGui.RequestRedraw">
            <inheritdoc/>
        </member>
        <member name="M:PlayerTrack.Nameplates.NamePlateGui.StripFreeCompanyTagQuotes(System.ReadOnlySpan{System.Byte})">
            <summary>
            Strips the surrounding quotes from a free company tag. If the quotes are not present in the expected location,
            no modifications will be made.
            </summary>
            <param name="text">A quoted free company tag.</param>
            <returns>A span containing the free company tag without its surrounding quote characters.</returns>
        </member>
        <member name="M:PlayerTrack.Nameplates.NamePlateGui.StripTitleQuotes(System.ReadOnlySpan{System.Byte})">
            <summary>
            Strips the surrounding quotes from a title. If the quotes are not present in the expected location, no
            modifications will be made.
            </summary>
            <param name="text">A quoted title.</param>
            <returns>A span containing the title without its surrounding quote characters.</returns>
        </member>
        <member name="T:PlayerTrack.Nameplates.INamePlateInfoView">
            <summary>
            Provides a read-only view of the nameplate info object data for a nameplate. Modifications to
            <see cref="T:PlayerTrack.Nameplates.NamePlateUpdateHandler"/> fields do not affect this data.
            </summary>
        </member>
        <member name="P:PlayerTrack.Nameplates.INamePlateInfoView.Name">
            <summary>
            Gets the displayed name for this nameplate according to the nameplate info object.
            </summary>
        </member>
        <member name="P:PlayerTrack.Nameplates.INamePlateInfoView.FreeCompanyTag">
            <summary>
            Gets the displayed free company tag for this nameplate according to the nameplate info object. For this field,
            the quote characters which appear on either side of the title are NOT included.
            </summary>
        </member>
        <member name="P:PlayerTrack.Nameplates.INamePlateInfoView.QuotedFreeCompanyTag">
            <summary>
            Gets the displayed free company tag for this nameplate according to the nameplate info object. For this field,
            the quote characters which appear on either side of the title ARE included.
            </summary>
        </member>
        <member name="P:PlayerTrack.Nameplates.INamePlateInfoView.Title">
            <summary>
            Gets the displayed title for this nameplate according to the nameplate info object. For this field, the quote
            characters which appear on either side of the title are NOT included.
            </summary>
        </member>
        <member name="P:PlayerTrack.Nameplates.INamePlateInfoView.QuotedTitle">
            <summary>
            Gets the displayed title for this nameplate according to the nameplate info object. For this field, the quote
            characters which appear on either side of the title ARE included.
            </summary>
        </member>
        <member name="P:PlayerTrack.Nameplates.INamePlateInfoView.LevelText">
            <summary>
            Gets the displayed level text for this nameplate according to the nameplate info object.
            </summary>
        </member>
        <member name="P:PlayerTrack.Nameplates.INamePlateInfoView.Flags">
            <summary>
            Gets the flags for this nameplate according to the nameplate info object.
            </summary>
        </member>
        <member name="P:PlayerTrack.Nameplates.INamePlateInfoView.IsDirty">
            <summary>
            Gets a value indicating whether this nameplate is considered 'dirty' or not according to the nameplate
            info object.
            </summary>
        </member>
        <member name="P:PlayerTrack.Nameplates.INamePlateInfoView.IsPrefixTitle">
            <summary>
            Gets a value indicating whether the title for this nameplate is a prefix title or not according to the nameplate
            info object. This value is derived from the <see cref="P:PlayerTrack.Nameplates.INamePlateInfoView.Flags"/> field.
            </summary>
        </member>
        <member name="T:PlayerTrack.Nameplates.NamePlateInfoView">
            <summary>
            Provides a read-only view of the nameplate info object data for a nameplate. Modifications to
            <see cref="T:PlayerTrack.Nameplates.NamePlateUpdateHandler"/> fields do not affect this data.
            </summary>
        </member>
        <member name="M:PlayerTrack.Nameplates.NamePlateInfoView.#ctor(FFXIVClientStructs.FFXIV.Client.UI.RaptureAtkModule.NamePlateInfo*)">
            <summary>
            Provides a read-only view of the nameplate info object data for a nameplate. Modifications to
            <see cref="T:PlayerTrack.Nameplates.NamePlateUpdateHandler"/> fields do not affect this data.
            </summary>
        </member>
        <member name="P:PlayerTrack.Nameplates.NamePlateInfoView.Name">
            <inheritdoc/>
        </member>
        <member name="P:PlayerTrack.Nameplates.NamePlateInfoView.FreeCompanyTag">
            <inheritdoc/>
        </member>
        <member name="P:PlayerTrack.Nameplates.NamePlateInfoView.QuotedFreeCompanyTag">
            <inheritdoc/>
        </member>
        <member name="P:PlayerTrack.Nameplates.NamePlateInfoView.Title">
            <inheritdoc/>
        </member>
        <member name="P:PlayerTrack.Nameplates.NamePlateInfoView.QuotedTitle">
            <inheritdoc/>
        </member>
        <member name="P:PlayerTrack.Nameplates.NamePlateInfoView.LevelText">
            <inheritdoc/>
        </member>
        <member name="P:PlayerTrack.Nameplates.NamePlateInfoView.Flags">
            <inheritdoc/>
        </member>
        <member name="P:PlayerTrack.Nameplates.NamePlateInfoView.IsDirty">
            <inheritdoc/>
        </member>
        <member name="P:PlayerTrack.Nameplates.NamePlateInfoView.IsPrefixTitle">
            <inheritdoc/>
        </member>
        <member name="T:PlayerTrack.Nameplates.NamePlateKind">
            <summary>
            An enum describing what kind of game object this nameplate represents.
            </summary>
        </member>
        <member name="F:PlayerTrack.Nameplates.NamePlateKind.PlayerCharacter">
            <summary>
            A player character.
            </summary>
        </member>
        <member name="F:PlayerTrack.Nameplates.NamePlateKind.EventNpcCompanion">
            <summary>
            An event NPC or companion.
            </summary>
        </member>
        <member name="F:PlayerTrack.Nameplates.NamePlateKind.Retainer">
            <summary>
            A retainer.
            </summary>
        </member>
        <member name="F:PlayerTrack.Nameplates.NamePlateKind.BattleNpcEnemy">
            <summary>
            An enemy battle NPC.
            </summary>
        </member>
        <member name="F:PlayerTrack.Nameplates.NamePlateKind.BattleNpcFriendly">
            <summary>
            A friendly battle NPC.
            </summary>
        </member>
        <member name="F:PlayerTrack.Nameplates.NamePlateKind.EventObject">
            <summary>
            An event object.
            </summary>
        </member>
        <member name="F:PlayerTrack.Nameplates.NamePlateKind.Treasure">
            <summary>
            Treasure.
            </summary>
        </member>
        <member name="F:PlayerTrack.Nameplates.NamePlateKind.GatheringPoint">
            <summary>
            A gathering point.
            </summary>
        </member>
        <member name="F:PlayerTrack.Nameplates.NamePlateKind.BattleNpcSubkind6">
            <summary>
            A battle NPC with subkind 6.
            </summary>
        </member>
        <member name="F:PlayerTrack.Nameplates.NamePlateKind.Other">
            <summary>
            Something else.
            </summary>
        </member>
        <member name="T:PlayerTrack.Nameplates.NamePlatePartsContainer">
            <summary>
            A container for parts.
            </summary>
        </member>
        <member name="M:PlayerTrack.Nameplates.NamePlatePartsContainer.#ctor(PlayerTrack.Nameplates.NamePlateUpdateContext)">
            <summary>
            Initializes a new instance of the <see cref="T:PlayerTrack.Nameplates.NamePlatePartsContainer"/> class.
            </summary>
            <param name="context">The currently executing update context.</param>
        </member>
        <member name="P:PlayerTrack.Nameplates.NamePlatePartsContainer.Name">
            <summary>
            Gets a parts object for constructing a nameplate name.
            </summary>
        </member>
        <member name="P:PlayerTrack.Nameplates.NamePlatePartsContainer.Title">
            <summary>
            Gets a parts object for constructing a nameplate title.
            </summary>
        </member>
        <member name="P:PlayerTrack.Nameplates.NamePlatePartsContainer.FreeCompanyTag">
            <summary>
            Gets a parts object for constructing a nameplate free company tag.
            </summary>
        </member>
        <member name="M:PlayerTrack.Nameplates.NamePlatePartsContainer.ApplyBuilders(PlayerTrack.Nameplates.NamePlateUpdateHandler)">
            <summary>
            Applies all container parts.
            </summary>
            <param name="handler">The handler to apply the builders to.</param>
        </member>
        <member name="T:PlayerTrack.Nameplates.NamePlateQuotedParts">
            <summary>
            A part builder for constructing and setting quoted nameplate fields (i.e. free company tag and title).
            </summary>
            <param name="field">The field type which should be set.</param>
            <param name="isFreeCompany">Whether the field is a free company tag.</param>
        </member>
        <member name="M:PlayerTrack.Nameplates.NamePlateQuotedParts.#ctor(PlayerTrack.Nameplates.NamePlateStringField,System.Boolean)">
            <summary>
            A part builder for constructing and setting quoted nameplate fields (i.e. free company tag and title).
            </summary>
            <param name="field">The field type which should be set.</param>
            <param name="isFreeCompany">Whether the field is a free company tag.</param>
        </member>
        <member name="P:PlayerTrack.Nameplates.NamePlateQuotedParts.OuterWrap">
            <summary>
            Gets or sets the opening and closing SeStrings which will wrap the entire contents, which can be used to apply
            colors or styling to the entire field.
            </summary>
        </member>
        <member name="P:PlayerTrack.Nameplates.NamePlateQuotedParts.LeftQuote">
            <summary>
            Gets or sets the opening quote string which appears before the text and opening text-wrap.
            </summary>
        </member>
        <member name="P:PlayerTrack.Nameplates.NamePlateQuotedParts.RightQuote">
            <summary>
            Gets or sets the closing quote string which appears after the text and closing text-wrap.
            </summary>
        </member>
        <member name="P:PlayerTrack.Nameplates.NamePlateQuotedParts.TextWrap">
            <summary>
            Gets or sets the opening and closing SeStrings which will wrap the text, which can be used to apply colors or
            styling to the field's text.
            </summary>
        </member>
        <member name="P:PlayerTrack.Nameplates.NamePlateQuotedParts.Text">
            <summary>
            Gets or sets this field's text.
            </summary>
        </member>
        <member name="M:PlayerTrack.Nameplates.NamePlateQuotedParts.Apply(PlayerTrack.Nameplates.NamePlateUpdateHandler)">
            <summary>
            Applies the changes from this builder to the actual field.
            </summary>
            <param name="handler">The handler to perform the changes on.</param>
        </member>
        <member name="T:PlayerTrack.Nameplates.NamePlateSimpleParts">
            <summary>
            A part builder for constructing and setting a simple (unquoted) nameplate field.
            </summary>
            <param name="field">The field type which should be set.</param>
        </member>
        <member name="M:PlayerTrack.Nameplates.NamePlateSimpleParts.#ctor(PlayerTrack.Nameplates.NamePlateStringField)">
            <summary>
            A part builder for constructing and setting a simple (unquoted) nameplate field.
            </summary>
            <param name="field">The field type which should be set.</param>
        </member>
        <member name="P:PlayerTrack.Nameplates.NamePlateSimpleParts.TextWrap">
            <summary>
            Gets or sets the opening and closing SeStrings which will wrap the text, which can be used to apply colors or
            styling to the field's text.
            </summary>
        </member>
        <member name="P:PlayerTrack.Nameplates.NamePlateSimpleParts.Text">
            <summary>
            Gets or sets this field's text.
            </summary>
        </member>
        <member name="M:PlayerTrack.Nameplates.NamePlateSimpleParts.Apply(PlayerTrack.Nameplates.NamePlateUpdateHandler)">
            <summary>
            Applies the changes from this builder to the actual field.
            </summary>
            <param name="handler">The handler to perform the changes on.</param>
        </member>
        <member name="T:PlayerTrack.Nameplates.NamePlateStringField">
            <summary>
            An enum describing the string fields available in nameplate data. The <see cref="T:PlayerTrack.Nameplates.NamePlateKind"/> and various flags
            determine which fields will actually be rendered.
            </summary>
        </member>
        <member name="F:PlayerTrack.Nameplates.NamePlateStringField.Name">
            <summary>
            The object's name.
            </summary>
        </member>
        <member name="F:PlayerTrack.Nameplates.NamePlateStringField.Title">
            <summary>
            The object's title.
            </summary>
        </member>
        <member name="F:PlayerTrack.Nameplates.NamePlateStringField.FreeCompanyTag">
            <summary>
            The object's free company tag.
            </summary>
        </member>
        <member name="F:PlayerTrack.Nameplates.NamePlateStringField.StatusPrefix">
            <summary>
            The object's status prefix.
            </summary>
        </member>
        <member name="F:PlayerTrack.Nameplates.NamePlateStringField.TargetSuffix">
            <summary>
            The object's target suffix.
            </summary>
        </member>
        <member name="F:PlayerTrack.Nameplates.NamePlateStringField.LevelPrefix">
            <summary>
            The object's level prefix.
            </summary>
        </member>
        <member name="T:PlayerTrack.Nameplates.INamePlateUpdateContext">
            <summary>
            Contains information related to the pending nameplate data update. This is only valid for a single frame and should
            not be kept across frames.
            </summary>
        </member>
        <member name="P:PlayerTrack.Nameplates.INamePlateUpdateContext.ActiveNamePlateCount">
            <summary>
            Gets the number of active nameplates. The actual number visible may be lower than this in cases where some
            nameplates are hidden by default (based on in-game "Display Name Settings" and so on).
            </summary>
        </member>
        <member name="P:PlayerTrack.Nameplates.INamePlateUpdateContext.IsFullUpdate">
            <summary>
            Gets a value indicating whether the game is currently performing a full update of all active nameplates.
            </summary>
        </member>
        <member name="P:PlayerTrack.Nameplates.INamePlateUpdateContext.AddonAddress">
            <summary>
            Gets the address of the NamePlate addon.
            </summary>
        </member>
        <member name="P:PlayerTrack.Nameplates.INamePlateUpdateContext.NumberArrayDataAddress">
            <summary>
            Gets the address of the NamePlate addon's number array data container.
            </summary>
        </member>
        <member name="P:PlayerTrack.Nameplates.INamePlateUpdateContext.StringArrayDataAddress">
            <summary>
            Gets the address of the NamePlate addon's string array data container.
            </summary>
        </member>
        <member name="P:PlayerTrack.Nameplates.INamePlateUpdateContext.NumberArrayDataEntryAddress">
            <summary>
            Gets the address of the first entry in the NamePlate addon's int array.
            </summary>
        </member>
        <member name="T:PlayerTrack.Nameplates.NamePlateUpdateContext">
            <summary>
            Contains information related to the pending nameplate data update. This is only valid for a single frame and should
            not be kept across frames.
            </summary>
        </member>
        <member name="M:PlayerTrack.Nameplates.NamePlateUpdateContext.#ctor(Dalamud.Plugin.Services.IObjectTable,Dalamud.Game.Addon.Lifecycle.AddonArgTypes.AddonRequestedUpdateArgs)">
            <summary>
            Initializes a new instance of the <see cref="T:PlayerTrack.Nameplates.NamePlateUpdateContext"/> class.
            </summary>
            <param name="objectTable">An object table.</param>
            <param name="args">The addon lifecycle arguments for the update request.</param>
        </member>
        <member name="P:PlayerTrack.Nameplates.NamePlateUpdateContext.ActiveNamePlateCount">
            <summary>
            Gets the number of active nameplates. The actual number visible may be lower than this in cases where some
            nameplates are hidden by default (based on in-game "Display Name Settings" and so on).
            </summary>
        </member>
        <member name="P:PlayerTrack.Nameplates.NamePlateUpdateContext.IsFullUpdate">
            <summary>
            Gets a value indicating whether the game is currently performing a full update of all active nameplates.
            </summary>
        </member>
        <member name="P:PlayerTrack.Nameplates.NamePlateUpdateContext.AddonAddress">
            <summary>
            Gets the address of the NamePlate addon.
            </summary>
        </member>
        <member name="P:PlayerTrack.Nameplates.NamePlateUpdateContext.NumberArrayDataAddress">
            <summary>
            Gets the address of the NamePlate addon's number array data container.
            </summary>
        </member>
        <member name="P:PlayerTrack.Nameplates.NamePlateUpdateContext.StringArrayDataAddress">
            <summary>
            Gets the address of the NamePlate addon's string array data container.
            </summary>
        </member>
        <member name="P:PlayerTrack.Nameplates.NamePlateUpdateContext.NumberArrayDataEntryAddress">
            <summary>
            Gets the address of the first entry in the NamePlate addon's int array.
            </summary>
        </member>
        <member name="P:PlayerTrack.Nameplates.NamePlateUpdateContext.RaptureAtkModule">
            <summary>
            Gets the RaptureAtkModule.
            </summary>
        </member>
        <member name="P:PlayerTrack.Nameplates.NamePlateUpdateContext.Ui3DModule">
            <summary>
            Gets the Ui3DModule.
            </summary>
        </member>
        <member name="P:PlayerTrack.Nameplates.NamePlateUpdateContext.ObjectTable">
            <summary>
            Gets the ObjectTable.
            </summary>
        </member>
        <member name="P:PlayerTrack.Nameplates.NamePlateUpdateContext.Addon">
            <summary>
            Gets a pointer to the NamePlate addon.
            </summary>
        </member>
        <member name="P:PlayerTrack.Nameplates.NamePlateUpdateContext.NumberData">
            <summary>
            Gets a pointer to the NamePlate addon's number array data container.
            </summary>
        </member>
        <member name="P:PlayerTrack.Nameplates.NamePlateUpdateContext.StringData">
            <summary>
            Gets a pointer to the NamePlate addon's string array data container.
            </summary>
        </member>
        <member name="P:PlayerTrack.Nameplates.NamePlateUpdateContext.NumberStruct">
            <summary>
            Gets a pointer to the NamePlate addon's number array entries as a struct.
            </summary>
        </member>
        <member name="P:PlayerTrack.Nameplates.NamePlateUpdateContext.HasParts">
            <summary>
            Gets or sets a value indicating whether any handler in the current context has instantiated a part builder.
            </summary>
        </member>
        <member name="M:PlayerTrack.Nameplates.NamePlateUpdateContext.ResetState(Dalamud.Game.Addon.Lifecycle.AddonArgTypes.AddonRequestedUpdateArgs)">
            <summary>
            Resets the state of the context based on the provided addon lifecycle arguments.
            </summary>
            <param name="args">The addon lifecycle arguments for the update request.</param>
        </member>
        <member name="T:PlayerTrack.Nameplates.INamePlateUpdateHandler">
            <summary>
            A class representing a single nameplate. Provides mechanisms to look up the game object associated with the
            nameplate and allows for modification of various backing fields in number and string array data, which in turn
            affect aspects of the nameplate's appearance when drawn. Instances of this class are only valid for a single frame
            and should not be kept across frames.
            </summary>
        </member>
        <member name="P:PlayerTrack.Nameplates.INamePlateUpdateHandler.GameObjectId">
            <summary>
            Gets the GameObjectId of the game object associated with this nameplate.
            </summary>
        </member>
        <member name="P:PlayerTrack.Nameplates.INamePlateUpdateHandler.GameObject">
            <summary>
            Gets the <see cref="T:Dalamud.Game.ClientState.Objects.Types.IGameObject"/> associated with this nameplate, if possible. Performs an object table scan
            and caches the result if successful.
            </summary>
        </member>
        <member name="P:PlayerTrack.Nameplates.INamePlateUpdateHandler.InfoView">
            <summary>
            Gets a read-only view of the nameplate info object data for a nameplate. Modifications to
            <see cref="T:PlayerTrack.Nameplates.NamePlateUpdateHandler"/> fields do not affect fields in the returned view.
            </summary>
        </member>
        <member name="P:PlayerTrack.Nameplates.INamePlateUpdateHandler.ArrayIndex">
            <summary>
            Gets the index for this nameplate data in the backing number and string array data. This is not the same as the
            rendered or object index, which can be retrieved from <see cref="P:PlayerTrack.Nameplates.INamePlateUpdateHandler.NamePlateIndex"/>.
            </summary>
        </member>
        <member name="P:PlayerTrack.Nameplates.INamePlateUpdateHandler.BattleChara">
            <summary>
            Gets the <see cref="T:Dalamud.Game.ClientState.Objects.Types.IBattleChara"/> associated with this nameplate, if possible. Returns null if the nameplate
            has an associated <see cref="T:Dalamud.Game.ClientState.Objects.Types.IGameObject"/>, but that object cannot be assigned to <see cref="T:Dalamud.Game.ClientState.Objects.Types.IBattleChara"/>.
            </summary>
        </member>
        <member name="P:PlayerTrack.Nameplates.INamePlateUpdateHandler.PlayerCharacter">
            <summary>
            Gets the <see cref="T:Dalamud.Game.ClientState.Objects.SubKinds.IPlayerCharacter"/> associated with this nameplate, if possible. Returns null if the
            nameplate has an associated <see cref="T:Dalamud.Game.ClientState.Objects.Types.IGameObject"/>, but that object cannot be assigned to
            <see cref="T:Dalamud.Game.ClientState.Objects.SubKinds.IPlayerCharacter"/>.
            </summary>
        </member>
        <member name="P:PlayerTrack.Nameplates.INamePlateUpdateHandler.NamePlateInfoAddress">
            <summary>
            Gets the address of the nameplate info struct.
            </summary>
        </member>
        <member name="P:PlayerTrack.Nameplates.INamePlateUpdateHandler.NamePlateObjectAddress">
            <summary>
            Gets the address of the first entry associated with this nameplate in the NamePlate addon's int array.
            </summary>
        </member>
        <member name="P:PlayerTrack.Nameplates.INamePlateUpdateHandler.NamePlateKind">
            <summary>
            Gets a value indicating what kind of nameplate this is, based on the kind of object it is associated with.
            </summary>
        </member>
        <member name="P:PlayerTrack.Nameplates.INamePlateUpdateHandler.UpdateFlags">
            <summary>
            Gets the update flags for this nameplate.
            </summary>
        </member>
        <member name="P:PlayerTrack.Nameplates.INamePlateUpdateHandler.TextColor">
            <summary>
            Gets or sets the overall text color for this nameplate. If this value is changed, the appropriate update flag
            will be set so that the game will reflect this change immediately.
            </summary>
        </member>
        <member name="P:PlayerTrack.Nameplates.INamePlateUpdateHandler.EdgeColor">
            <summary>
            Gets or sets the overall text edge color for this nameplate. If this value is changed, the appropriate update
            flag will be set so that the game will reflect this change immediately.
            </summary>
        </member>
        <member name="P:PlayerTrack.Nameplates.INamePlateUpdateHandler.MarkerIconId">
            <summary>
            Gets or sets the icon ID for the nameplate's marker icon, which is the large icon used to indicate quest
            availability and so on. This value is read from and reset by the game every frame, not just when a nameplate
            changes.
            </summary>
        </member>
        <member name="P:PlayerTrack.Nameplates.INamePlateUpdateHandler.NameIconId">
            <summary>
            Gets or sets the icon ID for the nameplate's name icon, which is the small icon shown to the left of the name.
            </summary>
        </member>
        <member name="P:PlayerTrack.Nameplates.INamePlateUpdateHandler.NamePlateIndex">
            <summary>
            Gets the nameplate index, which is the index used for rendering and looking up entries in the object array. For
            number and string array data, <see cref="P:PlayerTrack.Nameplates.INamePlateUpdateHandler.ArrayIndex"/> is used.
            </summary>
        </member>
        <member name="P:PlayerTrack.Nameplates.INamePlateUpdateHandler.DrawFlags">
            <summary>
            Gets the draw flags for this nameplate.
            </summary>
        </member>
        <member name="P:PlayerTrack.Nameplates.INamePlateUpdateHandler.VisibilityFlags">
            <summary>
            Gets or sets the visibility flags for this nameplate.
            </summary>
        </member>
        <member name="P:PlayerTrack.Nameplates.INamePlateUpdateHandler.IsUpdating">
            <summary>
            Gets a value indicating whether this nameplate is undergoing a major update or not. This is usually true when a
            nameplate has just appeared or something meaningful about the entity has changed (e.g. its job or status). This
            flag is reset by the game during the update process (during requested update and before draw).
            </summary>
        </member>
        <member name="P:PlayerTrack.Nameplates.INamePlateUpdateHandler.IsPrefixTitle">
            <summary>
            Gets or sets a value indicating whether the title (when visible) will be displayed above the object's name (a
            prefix title) instead of below the object's name (a suffix title).
            </summary>
        </member>
        <member name="P:PlayerTrack.Nameplates.INamePlateUpdateHandler.DisplayTitle">
            <summary>
            Gets or sets a value indicating whether the title should be displayed at all.
            </summary>
        </member>
        <member name="P:PlayerTrack.Nameplates.INamePlateUpdateHandler.Name">
            <summary>
            Gets or sets the name for this nameplate.
            </summary>
        </member>
        <member name="P:PlayerTrack.Nameplates.INamePlateUpdateHandler.NameParts">
            <summary>
            Gets a builder which can be used to help cooperatively build a new name for this nameplate even when other
            plugins modifying the name are present. Specifically, this builder allows setting text and text-wrapping
            payloads (e.g. for setting text color) separately.
            </summary>
        </member>
        <member name="P:PlayerTrack.Nameplates.INamePlateUpdateHandler.Title">
            <summary>
            Gets or sets the title for this nameplate.
            </summary>
        </member>
        <member name="P:PlayerTrack.Nameplates.INamePlateUpdateHandler.TitleParts">
            <summary>
            Gets a builder which can be used to help cooperatively build a new title for this nameplate even when other
            plugins modifying the title are present. Specifically, this builder allows setting text, text-wrapping
            payloads (e.g. for setting text color), and opening and closing quote sequences separately.
            </summary>
        </member>
        <member name="P:PlayerTrack.Nameplates.INamePlateUpdateHandler.FreeCompanyTag">
            <summary>
            Gets or sets the free company tag for this nameplate.
            </summary>
        </member>
        <member name="P:PlayerTrack.Nameplates.INamePlateUpdateHandler.FreeCompanyTagParts">
            <summary>
            Gets a builder which can be used to help cooperatively build a new FC tag for this nameplate even when other
            plugins modifying the FC tag are present. Specifically, this builder allows setting text, text-wrapping
            payloads (e.g. for setting text color), and opening and closing quote sequences separately.
            </summary>
        </member>
        <member name="P:PlayerTrack.Nameplates.INamePlateUpdateHandler.StatusPrefix">
            <summary>
            Gets or sets the status prefix for this nameplate. This prefix is used by the game to add BitmapFontIcon-based
            online status icons to player nameplates.
            </summary>
        </member>
        <member name="P:PlayerTrack.Nameplates.INamePlateUpdateHandler.TargetSuffix">
            <summary>
            Gets or sets the target suffix for this nameplate. This suffix is used by the game to add the squared-letter
            target tags to the end of combat target nameplates.
            </summary>
        </member>
        <member name="P:PlayerTrack.Nameplates.INamePlateUpdateHandler.LevelPrefix">
            <summary>
            Gets or sets the level prefix for this nameplate. This "Lv60" style prefix is added to enemy and friendly battle
            NPC nameplates to indicate the NPC level.
            </summary>
        </member>
        <member name="M:PlayerTrack.Nameplates.INamePlateUpdateHandler.RemoveName">
            <summary>
            Removes the contents of the name field for this nameplate. This differs from simply setting the field
            to an empty string because it writes a special value to memory, and other setters (except SetField variants)
            will refuse to overwrite this value. Therefore, fields removed this way are more likely to stay removed.
            </summary>
        </member>
        <member name="M:PlayerTrack.Nameplates.INamePlateUpdateHandler.RemoveTitle">
            <summary>
            Removes the contents of the title field for this nameplate. This differs from simply setting the field
            to an empty string because it writes a special value to memory, and other setters (except SetField variants)
            will refuse to overwrite this value. Therefore, fields removed this way are more likely to stay removed.
            </summary>
        </member>
        <member name="M:PlayerTrack.Nameplates.INamePlateUpdateHandler.RemoveFreeCompanyTag">
            <summary>
            Removes the contents of the FC tag field for this nameplate. This differs from simply setting the field
            to an empty string because it writes a special value to memory, and other setters (except SetField variants)
            will refuse to overwrite this value. Therefore, fields removed this way are more likely to stay removed.
            </summary>
        </member>
        <member name="M:PlayerTrack.Nameplates.INamePlateUpdateHandler.RemoveStatusPrefix">
            <summary>
            Removes the contents of the status prefix field for this nameplate. This differs from simply setting the field
            to an empty string because it writes a special value to memory, and other setters (except SetField variants)
            will refuse to overwrite this value. Therefore, fields removed this way are more likely to stay removed.
            </summary>
        </member>
        <member name="M:PlayerTrack.Nameplates.INamePlateUpdateHandler.RemoveTargetSuffix">
            <summary>
            Removes the contents of the target suffix field for this nameplate. This differs from simply setting the field
            to an empty string because it writes a special value to memory, and other setters (except SetField variants)
            will refuse to overwrite this value. Therefore, fields removed this way are more likely to stay removed.
            </summary>
        </member>
        <member name="M:PlayerTrack.Nameplates.INamePlateUpdateHandler.RemoveLevelPrefix">
            <summary>
            Removes the contents of the level prefix field for this nameplate. This differs from simply setting the field
            to an empty string because it writes a special value to memory, and other setters (except SetField variants)
            will refuse to overwrite this value. Therefore, fields removed this way are more likely to stay removed.
            </summary>
        </member>
        <member name="M:PlayerTrack.Nameplates.INamePlateUpdateHandler.GetFieldAsPointer(PlayerTrack.Nameplates.NamePlateStringField)">
            <summary>
            Gets a pointer to the string array value in the provided field.
            </summary>
            <param name="field">The field to read from.</param>
            <returns>A pointer to a sequence of non-null bytes.</returns>
        </member>
        <member name="M:PlayerTrack.Nameplates.INamePlateUpdateHandler.GetFieldAsSpan(PlayerTrack.Nameplates.NamePlateStringField)">
            <summary>
            Gets a byte span containing the string array value in the provided field.
            </summary>
            <param name="field">The field to read from.</param>
            <returns>A ReadOnlySpan containing a sequence of non-null bytes.</returns>
        </member>
        <member name="M:PlayerTrack.Nameplates.INamePlateUpdateHandler.GetFieldAsString(PlayerTrack.Nameplates.NamePlateStringField)">
            <summary>
            Gets a UTF8 string copy of the string array value in the provided field.
            </summary>
            <param name="field">The field to read from.</param>
            <returns>A copy of the string array value as a string.</returns>
        </member>
        <member name="M:PlayerTrack.Nameplates.INamePlateUpdateHandler.GetFieldAsSeString(PlayerTrack.Nameplates.NamePlateStringField)">
            <summary>
            Gets a parsed SeString copy of the string array value in the provided field.
            </summary>
            <param name="field">The field to read from.</param>
            <returns>A copy of the string array value as a parsed SeString.</returns>
        </member>
        <member name="M:PlayerTrack.Nameplates.INamePlateUpdateHandler.SetField(PlayerTrack.Nameplates.NamePlateStringField,System.String)">
            <summary>
            Sets the string array value for the provided field.
            </summary>
            <param name="field">The field to write to.</param>
            <param name="value">The string to write.</param>
        </member>
        <member name="M:PlayerTrack.Nameplates.INamePlateUpdateHandler.SetField(PlayerTrack.Nameplates.NamePlateStringField,Dalamud.Game.Text.SeStringHandling.SeString)">
            <summary>
            Sets the string array value for the provided field.
            </summary>
            <param name="field">The field to write to.</param>
            <param name="value">The SeString to write.</param>
        </member>
        <member name="M:PlayerTrack.Nameplates.INamePlateUpdateHandler.SetField(PlayerTrack.Nameplates.NamePlateStringField,System.ReadOnlySpan{System.Byte})">
            <summary>
            Sets the string array value for the provided field.
            </summary>
            <param name="field">The field to write to.</param>
            <param name="value">The ReadOnlySpan of bytes to write.</param>
        </member>
        <member name="M:PlayerTrack.Nameplates.INamePlateUpdateHandler.SetField(PlayerTrack.Nameplates.NamePlateStringField,System.Byte*)">
            <summary>
            Sets the string array value for the provided field.
            </summary>
            <param name="field">The field to write to.</param>
            <param name="value">The pointer to a null-terminated sequence of bytes to write.</param>
        </member>
        <member name="M:PlayerTrack.Nameplates.INamePlateUpdateHandler.RemoveField(PlayerTrack.Nameplates.NamePlateStringField)">
            <summary>
            Sets the string array value for the provided field to a fixed pointer to an empty string in unmanaged memory.
            Other methods may notice this fixed pointer and refuse to overwrite it, preserving the emptiness of the field.
            </summary>
            <param name="field">The field to write to.</param>
        </member>
        <member name="T:PlayerTrack.Nameplates.NamePlateUpdateHandler">
            <summary>
            A class representing a single nameplate. Provides mechanisms to look up the game object associated with the
            nameplate and allows for modification of various backing fields in number and string array data, which in turn
            affect aspects of the nameplate's appearance when drawn. Instances of this class are only valid for a single frame
            and should not be kept across frames.
            </summary>
        </member>
        <member name="M:PlayerTrack.Nameplates.NamePlateUpdateHandler.#ctor(PlayerTrack.Nameplates.NamePlateUpdateContext,System.Int32)">
            <summary>
            Initializes a new instance of the <see cref="T:PlayerTrack.Nameplates.NamePlateUpdateHandler"/> class.
            </summary>
            <param name="context">The current update context.</param>
            <param name="arrayIndex">The index for this nameplate data in the backing number and string array data. This is
            not the same as the rendered index, which can be retrieved from <see cref="P:PlayerTrack.Nameplates.NamePlateUpdateHandler.NamePlateIndex"/>.</param>
        </member>
        <member name="P:PlayerTrack.Nameplates.NamePlateUpdateHandler.ArrayIndex">
            <inheritdoc/>
        </member>
        <member name="P:PlayerTrack.Nameplates.NamePlateUpdateHandler.GameObjectId">
            <inheritdoc/>
        </member>
        <member name="P:PlayerTrack.Nameplates.NamePlateUpdateHandler.GameObject">
            <inheritdoc/>
        </member>
        <member name="P:PlayerTrack.Nameplates.NamePlateUpdateHandler.BattleChara">
            <inheritdoc/>
        </member>
        <member name="P:PlayerTrack.Nameplates.NamePlateUpdateHandler.PlayerCharacter">
            <inheritdoc/>
        </member>
        <member name="P:PlayerTrack.Nameplates.NamePlateUpdateHandler.InfoView">
            <inheritdoc/>
        </member>
        <member name="P:PlayerTrack.Nameplates.NamePlateUpdateHandler.NamePlateInfoAddress">
            <inheritdoc/>
        </member>
        <member name="P:PlayerTrack.Nameplates.NamePlateUpdateHandler.NamePlateObjectAddress">
            <inheritdoc/>
        </member>
        <member name="P:PlayerTrack.Nameplates.NamePlateUpdateHandler.NamePlateKind">
            <inheritdoc/>
        </member>
        <member name="P:PlayerTrack.Nameplates.NamePlateUpdateHandler.UpdateFlags">
            <inheritdoc/>
        </member>
        <member name="P:PlayerTrack.Nameplates.NamePlateUpdateHandler.TextColor">
            <inheritdoc/>
        </member>
        <member name="P:PlayerTrack.Nameplates.NamePlateUpdateHandler.EdgeColor">
            <inheritdoc/>
        </member>
        <member name="P:PlayerTrack.Nameplates.NamePlateUpdateHandler.MarkerIconId">
            <inheritdoc/>
        </member>
        <member name="P:PlayerTrack.Nameplates.NamePlateUpdateHandler.NameIconId">
            <inheritdoc/>
        </member>
        <member name="P:PlayerTrack.Nameplates.NamePlateUpdateHandler.NamePlateIndex">
            <inheritdoc/>
        </member>
        <member name="P:PlayerTrack.Nameplates.NamePlateUpdateHandler.DrawFlags">
            <inheritdoc/>
        </member>
        <member name="P:PlayerTrack.Nameplates.NamePlateUpdateHandler.VisibilityFlags">
            <inheritdoc/>
        </member>
        <member name="P:PlayerTrack.Nameplates.NamePlateUpdateHandler.IsUpdating">
            <inheritdoc/>
        </member>
        <member name="P:PlayerTrack.Nameplates.NamePlateUpdateHandler.IsPrefixTitle">
            <inheritdoc/>
        </member>
        <member name="P:PlayerTrack.Nameplates.NamePlateUpdateHandler.DisplayTitle">
            <inheritdoc/>
        </member>
        <member name="P:PlayerTrack.Nameplates.NamePlateUpdateHandler.Name">
            <inheritdoc/>
        </member>
        <member name="P:PlayerTrack.Nameplates.NamePlateUpdateHandler.NameParts">
            <inheritdoc/>
        </member>
        <member name="P:PlayerTrack.Nameplates.NamePlateUpdateHandler.Title">
            <inheritdoc/>
        </member>
        <member name="P:PlayerTrack.Nameplates.NamePlateUpdateHandler.TitleParts">
            <inheritdoc/>
        </member>
        <member name="P:PlayerTrack.Nameplates.NamePlateUpdateHandler.FreeCompanyTag">
            <inheritdoc/>
        </member>
        <member name="P:PlayerTrack.Nameplates.NamePlateUpdateHandler.FreeCompanyTagParts">
            <inheritdoc/>
        </member>
        <member name="P:PlayerTrack.Nameplates.NamePlateUpdateHandler.StatusPrefix">
            <inheritdoc/>
        </member>
        <member name="P:PlayerTrack.Nameplates.NamePlateUpdateHandler.TargetSuffix">
            <inheritdoc/>
        </member>
        <member name="P:PlayerTrack.Nameplates.NamePlateUpdateHandler.LevelPrefix">
            <inheritdoc/>
        </member>
        <member name="P:PlayerTrack.Nameplates.NamePlateUpdateHandler.PartsContainer">
            <summary>
            Gets or (lazily) creates a part builder container for this nameplate.
            </summary>
        </member>
        <member name="M:PlayerTrack.Nameplates.NamePlateUpdateHandler.RemoveName">
            <inheritdoc/>
        </member>
        <member name="M:PlayerTrack.Nameplates.NamePlateUpdateHandler.RemoveTitle">
            <inheritdoc/>
        </member>
        <member name="M:PlayerTrack.Nameplates.NamePlateUpdateHandler.RemoveFreeCompanyTag">
            <inheritdoc/>
        </member>
        <member name="M:PlayerTrack.Nameplates.NamePlateUpdateHandler.RemoveStatusPrefix">
            <inheritdoc/>
        </member>
        <member name="M:PlayerTrack.Nameplates.NamePlateUpdateHandler.RemoveTargetSuffix">
            <inheritdoc/>
        </member>
        <member name="M:PlayerTrack.Nameplates.NamePlateUpdateHandler.RemoveLevelPrefix">
            <inheritdoc/>
        </member>
        <member name="M:PlayerTrack.Nameplates.NamePlateUpdateHandler.GetFieldAsPointer(PlayerTrack.Nameplates.NamePlateStringField)">
            <inheritdoc/>
        </member>
        <member name="M:PlayerTrack.Nameplates.NamePlateUpdateHandler.GetFieldAsSpan(PlayerTrack.Nameplates.NamePlateStringField)">
            <inheritdoc/>
        </member>
        <member name="M:PlayerTrack.Nameplates.NamePlateUpdateHandler.GetFieldAsString(PlayerTrack.Nameplates.NamePlateStringField)">
            <inheritdoc/>
        </member>
        <member name="M:PlayerTrack.Nameplates.NamePlateUpdateHandler.GetFieldAsSeString(PlayerTrack.Nameplates.NamePlateStringField)">
            <inheritdoc/>
        </member>
        <member name="M:PlayerTrack.Nameplates.NamePlateUpdateHandler.SetField(PlayerTrack.Nameplates.NamePlateStringField,System.String)">
            <inheritdoc/>
        </member>
        <member name="M:PlayerTrack.Nameplates.NamePlateUpdateHandler.SetField(PlayerTrack.Nameplates.NamePlateStringField,Dalamud.Game.Text.SeStringHandling.SeString)">
            <inheritdoc/>
        </member>
        <member name="M:PlayerTrack.Nameplates.NamePlateUpdateHandler.SetField(PlayerTrack.Nameplates.NamePlateStringField,System.ReadOnlySpan{System.Byte})">
            <inheritdoc/>
        </member>
        <member name="M:PlayerTrack.Nameplates.NamePlateUpdateHandler.SetField(PlayerTrack.Nameplates.NamePlateStringField,System.Byte*)">
            <inheritdoc/>
        </member>
        <member name="M:PlayerTrack.Nameplates.NamePlateUpdateHandler.RemoveField(PlayerTrack.Nameplates.NamePlateStringField)">
            <inheritdoc/>
        </member>
        <member name="M:PlayerTrack.Nameplates.NamePlateUpdateHandler.ResetState">
            <summary>
            Resets the state of this handler for re-use in a new update.
            </summary>
        </member>
        <member name="M:PlayerTrack.Nameplates.NamePlateUpdateHandler.WeakSetField(PlayerTrack.Nameplates.NamePlateStringField,Dalamud.Game.Text.SeStringHandling.SeString)">
            <summary>
            Sets the string array value for the provided field, unless it was already set to the special empty string
            pointer used by the Remove methods.
            </summary>
            <param name="field">The field to write to.</param>
            <param name="value">The SeString to write.</param>
        </member>
    </members>
</doc>
