{
  "Author": "Cadaeix",
  "Name": "XIVLogger",
  "InternalName": "XIVLogger",
  "AssemblyVersion": "1.0.4.3",
  "Description": "Save chat logs as text files from when this is loaded. /xivlogger for settings, /savelog to save logs, /copylogs to copy logs.",
  "ApplicableVersion": "any",
  "RepoUrl": "https://github.com/cadaeix/XIVLogger",
  "Tags": [
    "xivlauncher",
    "plugin",
    "chat",
    "chat log"
  ],
  "DalamudApiLevel": 8,
  "LoadRequiredState": 0,
  "LoadSync": false,
  "LoadPriority": 0,
  "IconUrl": "https://raw.githubusercontent.com/cadaeix/XIVLogger/master/Assets/icon.png",
  "Punchline": "Save chat logs to your computer as text files or copy them!",
  "AcceptsFeedback": true
}