{
  "Author": "Marconsou",
  "Name": "MP Tick Bar",
  "InternalName": "MPTickBar",
  "AssemblyVersion": "1.4.1.6",
  "Description": "-Fast Fire III marker on the bar.\n-Autostarts the bar before combat starts.\n-Countdown with time offset.\n-Compatible with FFXIV Material UI.",
  "ApplicableVersion": "any",
  "RepoUrl": "https://github.com/marconsou/mp-tick-bar",
  "Tags": [
    "mp",
    "tick",
    "bar",
    "blm",
    "black",
    "mage"
  ],
  "DalamudApiLevel": 9,
  "LoadRequiredState": 0,
  "LoadSync": false,
  "CanUnloadAsync": false,
  "LoadPriority": 0,
  "Punchline": "Visually tracks MP regeneration ticks (Black Mage only).",
  "AcceptsFeedback": true
}