{
  "Tracker - On Character": {
    "message": "角色上",
    "description": "TrackerWindow.Draw"
  },
  "Tracker - Playtime under minute": {
    "message": "小于一分钟",
    "description": "TrackerWindow.Draw"
  },
  "Tracker - Total Playtime": {
    "message": "本次游玩时长:",
    "description": "TrackerWindow.Draw"
  },
  "Tracker - Total Character Time": {
    "message": "角色总计游玩:",
    "description": "TrackerWindow.Draw"
  },
  "Config - Saved Characters Header": {
    "message": "已保存角色:",
    "description": "ConfigWindow.Characters"
  },
  "Config - Formatting Header": {
    "message": "时间格式:",
    "description": "ConfigWindow.General"
  },
  "Config - Display Normal": {
    "message": "普通",
    "description": "ConfigWindow.General"
  },
  "Time - Seconds": {
    "message": "秒",
    "description": "ConfigWindow.General"
  },
  "Time - Minutes": {
    "message": "分钟",
    "description": "ConfigWindow.General"
  },
  "Time - Hours": {
    "message": "小时",
    "description": "ConfigWindow.General"
  },
  "Time - Days": {
    "message": "天",
    "description": "ConfigWindow.General"
  },
  "Config - Character Output Header": {
    "message": "角色输出:",
    "description": "ConfigWindow.General"
  },
  "Config - Current Character": {
    "message": "显示当前角色",
    "description": "ConfigWindow.General"
  },
  "Config - Other Characters": {
    "message": "显示其他角色",
    "description": "ConfigWindow.General"
  },
  "Config - Header Server Bar": {
    "message": "服务器信息栏:",
    "description": "ConfigWindow.General"
  },
  "Config - Enabled": {
    "message": "启用",
    "description": "ConfigWindow.General"
  },
  "Config - Header AutoSave": {
    "message": "自动保存:",
    "description": "ConfigWindow.General"
  },
  "Config - Display Header": {
    "message": "显示选项:",
    "description": "ConfigWindow.UI"
  },
  "Chat - Not registered": {
    "message": "当前角色尚未记录, 请先运行一次 /playtime 指令",
    "description": "TimeManager.PrintPlaytime"
  },
  "Chat - All characters": {
    "message": "所有角色下, 你共计游玩了:",
    "description": "TimeManager.PrintPlaytime"
  },
  "Time - Day": {
    "message": "天",
    "description": "TimeManager.GeneratePlaytimeString"
  },
  "Time - Hour": {
    "message": "小时",
    "description": "TimeManager.GeneratePlaytimeString"
  },
  "Time - Minute": {
    "message": "分",
    "description": "TimeManager.GeneratePlaytimeString"
  }
}