{
  "Chat - Error Not In Eureka": {
    "message": "You are not in Eureka, this command is unavailable.",
    "description": "Plugin.OnBunnyCommand"
  },
  "Chat - New Chest Found": {
    "message": "You've found a new chest location",
    "description": "Plugin.BunnyCheck"
  },
  "Chat - New Chest Found Dev Note": {
    "message": "Please consider sending the following information to the developer:",
    "description": "Plugin.BunnyCheck"
  },
  "Chat - New Chest Found Feedback": {
    "message": "(Please do not use the feedback function to send this)",
    "description": "Plugin.BunnyCheck"
  },
  "Chat - Dead Fairy Note": {
    "message": "Removing inactive fairies from tracking.",
    "description": "Plugin.FairyCheck"
  },
  "Chat - Error Map Markers": {
    "message": "Unable to place all markers on map",
    "description": "Plugin.AddChestsLocationsMap"
  },
  "Chat - Error Minimap Markers": {
    "message": "Unable to place all markers on minimap",
    "description": "Plugin.AddChestsLocationsMap"
  },
  "Chat - Error Fairy Markers": {
    "message": "Tracking for fairies needs to be reset, please go to all listed locations to update.",
    "description": "Plugin.AddFairyLocationsMap"
  },
  "Chat - Error Fairy Map Markers": {
    "message": "Unable to place fairy markers on map",
    "description": "Plugin.AddFairyLocationsMap"
  },
  "Chat - Error Fairy Minimap Markers": {
    "message": "Unable to place fairy markers on minimap",
    "description": "Plugin.AddFairyLocationsMap"
  },
  "QuestLog - Aetheryte Text": {
    "message": "Aetheryte Unlocks:",
    "description": "QuestHelper.Quests"
  },
  "QuestLog - Anemos 1 Step 1": {
    "message": "Talk to Krile and Gerolt",
    "description": "QuestHelper.Anemos"
  },
  "QuestLog - Anemos 1 Tip 1": {
    "message": "You must obtain a Protean Crystal from a normal monster.",
    "description": "QuestHelper.Anemos"
  },
  "QuestLog - Anemos 1 Tip 2": {
    "message": "You cannot exchange Anemos Crystals for Protean Crystals until you finish this quest.",
    "description": "QuestHelper.Anemos"
  },
  "QuestLog - TalkToKrile": {
    "message": "Talk to Krile",
    "description": "QuestHelper.Anemos"
  },
  "QuestLog - Anemos 3 Step 2": {
    "message": "Proceed inside the Early Natural History Society Observatory and interact with the Confluence",
    "description": "QuestHelper.Anemos"
  },
  "QuestLog - ReturnToKrile": {
    "message": "Return to Krile",
    "description": "QuestHelper.Anemos"
  },
  "QuestLog - Anemos 3 Tip 1": {
    "message": "Mobs will spawn around and inside the building during nighttime and as such it is recommended to do this during daytime (6am to 6pm ET).",
    "description": "QuestHelper.Anemos"
  },
  "QuestLog - Anemos 5 Step 2": {
    "message": "Proceed to the The Orchard below the cliff and interact with the Confluence",
    "description": "QuestHelper.Anemos"
  },
  "QuestLog - Anemos 13 Step 2": {
    "message": "Proceed to the The Val River Swale near the waterfall and interact with the Confluence",
    "description": "QuestHelper.Anemos"
  },
  "QuestLog - Anemos 17 Step 2": {
    "message": "Proceed to the Uncanny Valley and interact with the Confluence",
    "description": "QuestHelper.Anemos"
  },
  "QuestLog - Anemos 17 Step 4": {
    "message": "Proceed to the Aethernet Control and interact with the Aethernet Relay",
    "description": "QuestHelper.Anemos"
  },
  "QuestLog - Anemos 17 Step 5": {
    "message": "Interact with the Aethernet Relay again and trade in 99 Anemos Crystals.",
    "description": "QuestHelper.Anemos"
  },
  "QuestLog - Pagos 21 Step 2": {
    "message": "Locate the Depleted Aetherial Stream at The Cones (upper level on a raised grassy hill)",
    "description": "QuestHelper.Pagos"
  },
  "QuestLog - Pagos 23 Step 2": {
    "message": "Locate the Depleted Aetherial Stream at The Val River Belly",
    "description": "QuestHelper.Pagos"
  },
  "QuestLog - Pagos 25 Step 2": {
    "message": "Locate the magicite at The Eastern Edge",
    "description": "QuestHelper.Pagos"
  },
  "QuestLog - Pagos 25 Step 3": {
    "message": "Interact with it again in almost the same location",
    "description": "QuestHelper.Pagos"
  },
  "QuestLog - Pagos 25 Tip 1": {
    "message": "You can also speak with Gerolt any time after first speaking to Krile to unlock Eureka Pagos weapon enhancement.",
    "description": "QuestHelper.Pagos"
  },
  "QuestLog - Pagos 29 Step 2": {
    "message": "Drop down here",
    "description": "QuestHelper.Pagos"
  },
  "QuestLog - Pagos 29 Step 3": {
    "message": "Talk to Ejika Tsunjika",
    "description": "QuestHelper.Pagos"
  },
  "QuestLog - Pagos 35 Step 2": {
    "message": "Locate the aether column at The Fumarole",
    "description": "QuestHelper.Pagos"
  },
  "QuestLog - Pyros 35 Step 2": {
    "message": "Proceed to The Living Foundry and talk to Krile",
    "description": "QuestHelper.Pyros"
  },
  "QuestLog - ReturnToGerolt": {
    "message": "Return to Gerolt",
    "description": "QuestHelper.Pyros"
  },
  "QuestLog - TalkToDrake": {
    "message": "Talk to Drake",
    "description": "QuestHelper.Pyros"
  },
  "QuestLog - Pyros 35 Step 5": {
    "message": "Use the Logos Manipulator and select the Paralyze L logogram and extract the mneme",
    "description": "QuestHelper.Pyros"
  },
  "QuestLog - Pyros 35 Step 7": {
    "message": "Proceed to Northeastern Ice Needles and interact with the confluence",
    "description": "QuestHelper.Pyros"
  },
  "QuestLog - Pyros 38 Step 2": {
    "message": "Proceed to The Surgate Town House and interact with the Promising Scrap",
    "description": "QuestHelper.Pyros"
  },
  "QuestLog - ReturnToDrake": {
    "message": "Return to Drake",
    "description": "QuestHelper.Pyros"
  },
  "QuestLog - Pyros 38 Step 4": {
    "message": "Proceed to The Firing Chamber and interact with the confluence",
    "description": "QuestHelper.Pyros"
  },
  "QuestLog - Pyros 38 Tip 1": {
    "message": "This quest unlocks additional capacity for the logos manipulator.",
    "description": "QuestHelper.Pyros"
  },
  "QuestLog - Pyros 40 Step 2": {
    "message": "Proceed to West Flamerock and interact with the confluence",
    "description": "QuestHelper.Pyros"
  },
  "QuestLog - Pyros 45 Step 1": {
    "message": "Talk to Krile (a few cutscenes will play)",
    "description": "QuestHelper.Pyros"
  },
  "QuestLog - Pyros 45 Step 2": {
    "message": "Proceed to The Living Foundry and talk to Krile",
    "description": "QuestHelper.Pyros"
  },
  "QuestLog - Pyros 50 Step 2": {
    "message": "Proceed to East Flamerock and interact with the confluence",
    "description": "QuestHelper.Pyros"
  },
  "QuestLog - Pyros 50 Step 4": {
    "message": "Proceed to The Cavern of the Second Cant and interact with the confluence",
    "description": "QuestHelper.Pyros"
  },
  "QuestLog - TalkToGerolt": {
    "message": "Talk to Gerolt",
    "description": "QuestHelper.Hydatos"
  },
  "QuestLog - Hydatos 51 Step 2": {
    "message": "Proceed to The Central Columns and talk again to Krile",
    "description": "QuestHelper.Hydatos"
  },
  "QuestLog - Hydatos 51 Step 3": {
    "message": "Proceed south to The Val River Source and find the Pooled Aether",
    "description": "QuestHelper.Hydatos"
  },
  "QuestLog - Hydatos 51 Step 4": {
    "message": "Return to the The Central Columns and talk to Krile",
    "description": "QuestHelper.Hydatos"
  },
  "QuestLog - Hydatos 54 Step 2": {
    "message": "Proceed to The Western Columns and talk again to Krile",
    "description": "QuestHelper.Hydatos"
  },
  "QuestLog - Hydatos 54 Step 3": {
    "message": "Proceed to The West Val River Bank",
    "description": "QuestHelper.Hydatos"
  },
  "QuestLog - Hydatos 54 Step 4": {
    "message": "Walk up the large column to find the Pooled Aether",
    "description": "QuestHelper.Hydatos"
  },
  "QuestLog - Hydatos 54 Step 5": {
    "message": "Return to The Western Columns and talk to Krile",
    "description": "QuestHelper.Hydatos"
  },
  "QuestLog - Hydatos 57 Step 1": {
    "message": "Talk to Krile at the The Western Columns",
    "description": "QuestHelper.Hydatos"
  },
  "QuestLog - Hydatos 57 Step 2": {
    "message": "Proceed east to The Eastern Columns and talk to Krile again",
    "description": "QuestHelper.Hydatos"
  },
  "QuestLog - Hydatos 57 Step 3": {
    "message": "Head north to The East Val River Bank to find the Pooled Aether",
    "description": "QuestHelper.Hydatos"
  },
  "QuestLog - Hydatos 57 Step 4": {
    "message": "Return to The Eastern Columns and talk to Krile",
    "description": "QuestHelper.Hydatos"
  },
  "QuestLog - Hydatos 60 Step 1": {
    "message": "Head to The Eastern Columns and talk to Krile",
    "description": "QuestHelper.Hydatos"
  },
  "QuestLog - Hydatos 60 Step 2": {
    "message": "Head to The Aetherbridge Foundation and talk again to Krile",
    "description": "QuestHelper.Hydatos"
  },
  "QuestLog - Hydatos 60 Step 3": {
    "message": "Proceed into the Headquarters Entrance (Teleport next to you)",
    "description": "QuestHelper.Hydatos"
  },
  "QuestLog - Hydatos 60 Step 4": {
    "message": "Talk again to Krile",
    "description": "QuestHelper.Hydatos"
  },
  "QuestLog - Hydatos 60 Step 5": {
    "message": "Go in the Board Room and talk again to Krile",
    "description": "QuestHelper.Hydatos"
  },
  "QuestLog - Hydatos 60 Step 6": {
    "message": "Interact with the Scattered Tomes",
    "description": "QuestHelper.Hydatos"
  },
  "QuestLog - Hydatos 60 Step 7": {
    "message": "Talk again to Krile (a few cutscenes will play)",
    "description": "QuestHelper.Hydatos"
  },
  "QuestLog - Hydatos 60 Step 8": {
    "message": "Choose between Krile's path (sealing) or that of Ejika Tsunjika (destruction)",
    "description": "QuestHelper.Hydatos"
  },
  "QuestLog - Hydatos 60 Step 9": {
    "message": "Return to Central Point and talk to Ejika Tsunjika or Krile (opposite you picked)",
    "description": "QuestHelper.Hydatos"
  },
  "QuestLog - Hydatos 60 Tip 1": {
    "message": "This quest unlocks The Baldesion Arsenal.",
    "description": "QuestHelper.Hydatos"
  },
  "QuestLog - Hydatos 60 Tip 2": {
    "message": "Speak with the Expedition Scholar after finishing this quest.",
    "description": "QuestHelper.Hydatos"
  },
  "Area Name - Anemos": {
    "message": "Anemos",
    "description": "QuestHelper.TerritoryToPlaceName"
  },
  "Area Name - Pagos": {
    "message": "Pagos",
    "description": "QuestHelper.TerritoryToPlaceName"
  },
  "Area Name - Pyros": {
    "message": "Pyros",
    "description": "QuestHelper.TerritoryToPlaceName"
  },
  "Area Name - Hydatos": {
    "message": "Hydatos",
    "description": "QuestHelper.TerritoryToPlaceName"
  },
  "Bunny Window - Status Alive": {
    "message": "Alive",
    "description": "BunnyWindow.Draw"
  },
  "Bunny Window - Respawning": {
    "message": "Respawning in:",
    "description": "BunnyWindow.Draw"
  },
  "Bunny Window - Respawning soon": {
    "message": " soon ",
    "description": "BunnyWindow.Draw"
  },
  "Bunny Window - Status Unknown": {
    "message": "Unknown",
    "description": "BunnyWindow.Draw"
  },
  "Log - Wrong Tab Note": {
    "message": "Unable to detect eureka progress.",
    "description": "LogWindow.Draw"
  },
  "Log - Wrong Tab": {
    "message": "Please open your challenge log in the 'Other' category.",
    "description": "LogWindow.Draw"
  },
  "Log - Error": {
    "message": "Unable to read log.",
    "description": "LogWindow.Draw"
  },
  "Table Label: Monster": {
    "message": "Monster",
    "description": "LogWindow.Draw"
  },
  "Table Label: Done": {
    "message": "Done",
    "description": "LogWindow.Draw"
  },
  "Table Label: Enemy Lvl": {
    "message": "Enemy Level",
    "description": "LogWindow.Draw"
  },
  "Log - Category IL": {
    "message": "Ice and Lighting",
    "description": "LogWindow.IndexToName"
  },
  "Log - Category FE": {
    "message": "Fire and Earth",
    "description": "LogWindow.IndexToName"
  },
  "Log - Category WW": {
    "message": "Water and Wind",
    "description": "LogWindow.IndexToName"
  },
  "Log - Category Night": {
    "message": "Night",
    "description": "LogWindow.IndexToName"
  },
  "Log - Category Sprites": {
    "message": "Sprites",
    "description": "LogWindow.IndexToName"
  },
  "Tab Header - General": {
    "message": "General",
    "description": "MainWindow.TabGeneral"
  },
  "Config Header - Pop": {
    "message": "Pop",
    "description": "MainWindow.TabGeneral"
  },
  "Config Option - Echo NM": {
    "message": "Echo",
    "description": "MainWindow.TabGeneral"
  },
  "Config Option - Toast NM": {
    "message": "Show Toast",
    "description": "MainWindow.TabGeneral"
  },
  "Config Option - Short Names": {
    "message": "Use Short Names",
    "description": "MainWindow.TabGeneral"
  },
  "Config Header - Tracker": {
    "message": "Tracker:",
    "description": "MainWindow.TabGeneral"
  },
  "Config Input - URL": {
    "message": "Instance URL",
    "description": "MainWindow.TabGeneral"
  },
  "Config Input - PW": {
    "message": "Password",
    "description": "MainWindow.TabGeneral"
  },
  "Config Button - Start New": {
    "message": "Start New Tracker",
    "description": "MainWindow.TabGeneral"
  },
  "Config Tooltip - Open Tracker": {
    "message": "Open Tracker in Browser",
    "description": "MainWindow.TabGeneral"
  },
  "Tab Header - Chat": {
    "message": "Chat",
    "description": "MainWindow.TabChat"
  },
  "Config Option - Open Shout Window": {
    "message": "Show Shout Window",
    "description": "MainWindow.TabChat"
  },
  "Config Option - Randomize Coords": {
    "message": "Randomize Map Coords",
    "description": "MainWindow.TabChat"
  },
  "Config Option - Show PT": {
    "message": "Show PT in Shout Window",
    "description": "MainWindow.TabChat"
  },
  "Config Tooltip - Show PT": {
    "message": "Disabling this option will remove time element from the shout message.",
    "description": "MainWindow.TabChat"
  },
  "Config Option - Use ET": {
    "message": "Use Eorzea Time instead",
    "description": "MainWindow.TabChat"
  },
  "Config Option - Use 12h": {
    "message": "Use 12-hour Format",
    "description": "MainWindow.TabChat"
  },
  "Config Header - Format": {
    "message": "Format:",
    "description": "MainWindow.TabChat"
  },
  "Tab Header - Fairy": {
    "message": "Fairy",
    "description": "MainWindow.TabFairy"
  },
  "Config Header - Fairy": {
    "message": "Fairy / Elemental",
    "description": "MainWindow.TabFairy"
  },
  "Config Option - Echo Fairy": {
    "message": "Echo",
    "description": "MainWindow.TabFairy"
  },
  "Config Option - Toast Fairy": {
    "message": "Show Toast",
    "description": "MainWindow.TabFairy"
  },
  "Config Header - Known Locations": {
    "message": "Known Locations",
    "description": "MainWindow.TabFairy"
  },
  "Config Button - Fairy All": {
    "message": "Echo All",
    "description": "MainWindow.TabFairy"
  },
  "Config Button - Add Map Markers": {
    "message": "Add Markers",
    "description": "MainWindow.TabFairy"
  },
  "Config Button - Remove Map Markers": {
    "message": "Remove Markers",
    "description": "MainWindow.TabFairy"
  },
  "Tab Header - Bunny": {
    "message": "Bunny",
    "description": "MainWindow.TabBunny"
  },
  "Config Header - Bunny": {
    "message": "Bunny",
    "description": "MainWindow.TabBunny"
  },
  "Config Option - Bunny Window": {
    "message": "Show Window on Entry",
    "description": "MainWindow.TabBunny"
  },
  "Config Tooltip - Bunny Window": {
    "message": "Or use the command '/elbunny'.",
    "description": "MainWindow.TabBunny"
  },
  "Config Option - Coffer Icons": {
    "message": "Add Coffer Icons on Entry",
    "description": "MainWindow.TabBunny"
  },
  "Config Tooltip - Coffer Icons": {
    "message": "Adds the coffer locations on entry of eureka.",
    "description": "MainWindow.TabBunny"
  },
  "Config Option - Bunny Low Level Fates": {
    "message": "Show Only Low Level",
    "description": "MainWindow.TabBunny"
  },
  "Config Tooltip - Bunny Low Level Fates": {
    "message": "Only shows the low level bunny fates for Pagos and Pyros.",
    "description": "MainWindow.TabBunny"
  },
  "Config Option - Draw Circle": {
    "message": "Draw Nearby Coffer Circle",
    "description": "MainWindow.TabBunny"
  },
  "Config Tooltip - Draw Circle": {
    "message": "Draws a circle if the player is near a coffer location.",
    "description": "MainWindow.TabBunny"
  },
  "Config Button - Circle Preview": {
    "message": "Preview",
    "description": "MainWindow.TabBunny"
  },
  "Tab Header - Stats": {
    "message": "Stats",
    "description": "MainWindow.TabStats"
  },
  "Config Header - Total Stats": {
    "message": "Total Stats:",
    "description": "MainWindow.TabStats"
  },
  "Stats Entry - Time": {
    "message": "Time in Eureka:",
    "description": "MainWindow.TabStats"
  },
  "Stats Entry - Killed": {
    "message": "Killed Bunnies:",
    "description": "MainWindow.TabStats"
  },
  "Stats Entry - Found": {
    "message": "Coffers Found:",
    "description": "MainWindow.TabStats"
  },
  "Stats Entry - Bronze": {
    "message": "Bronze:",
    "description": "MainWindow.TabStats"
  },
  "Stats Entry - Silver": {
    "message": "Silver:",
    "description": "MainWindow.TabStats"
  },
  "Stats Entry - Gold": {
    "message": "Gold:",
    "description": "MainWindow.TabStats"
  },
  "Config Header - Map Stats": {
    "message": "Map Stats:",
    "description": "MainWindow.TabStats"
  },
  "Tab Header - About": {
    "message": "About",
    "description": "MainWindow.TabAbout"
  },
  "About Entry - Author": {
    "message": "Author:",
    "description": "MainWindow.TabAbout"
  },
  "About Entry - Discord": {
    "message": "Discord:",
    "description": "MainWindow.TabAbout"
  },
  "About Entry - Version": {
    "message": "Version:",
    "description": "MainWindow.TabAbout"
  },
  "Config Button - Discord Forum Thread": {
    "message": "Discord Thread",
    "description": "MainWindow.TabAbout"
  },
  "Config Button - Github Issues": {
    "message": "Issues",
    "description": "MainWindow.TabAbout"
  },
  "Config Option - Sound NM": {
    "message": "Play Sound",
    "description": "MainWindow.AddSoundOption"
  },
  "QuestLog - Header": {
    "message": "Current Area",
    "description": "QuestWindow.Draw"
  },
  "QuestLog - Outside": {
    "message": "Not Eureka...",
    "description": "QuestWindow.Draw"
  },
  "QuestLog - Tab Item Quest Level": {
    "message": "Level",
    "description": "QuestWindow.TabItem"
  },
  "Shout Button - Post": {
    "message": "Post",
    "description": "ShoutWindow.Draw"
  },
  "Shout Window - Limit": {
    "message": "Shout will be available 20s after spawn.",
    "description": "ShoutWindow.Draw"
  },
  "Shout Button - Close": {
    "message": "Close",
    "description": "ShoutWindow.Draw"
  }
}