﻿{
  "HelpMsg": {
    "message": "Open CrossUp Settings",
    "description": ""
  },
  "UpdateWarning": {
    "message": "Hi! Thanks for using CrossUp! \n\nVersion 0.4.2.0 includes some changes\nunder the hood to the way the plugin\nsettings are saved. Your previous settings\nSHOULD™ have carried over, but you might\nneed to make some adjustments.",
    "description": ""
  },
  "HotbarN": {
    "message": "Hotbar {0}",
    "description": ""
  },
  "CrossHotbarMenuTerm": {
    "message": "Cross Hotbar {0} - {1}",
    "description": ""
  },
  "ExpandedHoldControls": {
    "message": "Expanded Hold Controls",
    "description": ""
  },
  "WXHB": {
    "message": "WXHB",
    "description": ""
  },
  "Left": {
    "message": "Left",
    "description": ""
  },
  "Right": {
    "message": "Right",
    "description": ""
  },
  "DoubleTap": {
    "message": "{0} Double Tap",
    "description": ""
  },
  "Set": {
    "message": "Set",
    "description": "As in: Cross Hotbar set"
  },
  "HudSlot": {
    "message": "HUD Slot",
    "description": ""
  },
  "LookFeel": {
    "message": "Look & Feel",
    "description": ""
  },
  "CrossHotbarLayout": {
    "message": "Cross Hotbar Layout",
    "description": ""
  },
  "BarSeparation": {
    "message": "Bar Separation",
    "description": ""
  },
  "SeparateLR": {
    "message": "Separate Left/Right",
    "description": ""
  },
  "SplitDistance": {
    "message": "Separation Distance",
    "description": ""
  },
  "CenterPoint": {
    "message": "Center Point",
    "description": ""
  },
  "CenterNote": {
    "message": "This will override your HUD setting for the bar's horizontal position.",
    "description": ""
  },
  "BarElements": {
    "message": "Bar Elements",
    "description": ""
  },
  "PadlockIcon": {
    "message": "Padlock Icon",
    "description": ""
  },
  "SetNumText": {
    "message": "SET # Text",
    "description": ""
  },
  "ChangeSetDisplay": {
    "message": "CHANGE SET Display",
    "description": ""
  },
  "HideTriggerText": {
    "message": "Hide L/R Trigger Text",
    "description": ""
  },
  "HideUnassignedSlots": {
    "message": "Hide Unassigned Slots",
    "description": ""
  },
  "Colors": {
    "message": "Colors",
    "description": ""
  },
  "SelectedBar": {
    "message": "Selected Bar",
    "description": ""
  },
  "BackdropColor": {
    "message": "Backdrop Color",
    "description": ""
  },
  "ColorBlending": {
    "message": "Color Blending",
    "description": ""
  },
  "BlendNormal": {
    "message": "Normal",
    "description": ""
  },
  "BlendDodge": {
    "message": "Dodge",
    "description": ""
  },
  "BackdropStyle": {
    "message": "Backdrop Style",
    "description": ""
  },
  "StyleFrame": {
    "message": "Frame",
    "description": ""
  },
  "StyleSolid": {
    "message": "Solid",
    "description": ""
  },
  "StyleHidden": {
    "message": "Hidden",
    "description": ""
  },
  "Buttons": {
    "message": "Buttons",
    "description": ""
  },
  "ButtonGlow": {
    "message": "Button Glow",
    "description": ""
  },
  "ButtonPulse": {
    "message": "Button Pulse",
    "description": ""
  },
  "TextAndBorders": {
    "message": "Text & Borders",
    "description": ""
  },
  "TextColor": {
    "message": "Text Color",
    "description": ""
  },
  "TextGlowColor": {
    "message": "Text Glow Color",
    "description": ""
  },
  "BorderColor": {
    "message": "Border Color",
    "description": ""
  },
  "Hide": {
    "message": "Hide",
    "description": ""
  },
  "FadeOutsideCombat": {
    "message": "Fade Outside Combat",
    "description": ""
  },
  "SeparateExHold": {
    "message": "Separate Expanded Hold",
    "description": ""
  },
  "DisplayExSeparately": {
    "message": "Display Expanded Hold Controls Separately",
    "description": ""
  },
  "BarPosition": {
    "message": "Bar Position",
    "description": ""
  },
  "BarPositionSpecific": {
    "message": "{0} Bar Position",
    "description": ""
  },
  "SepExWarning": {
    "message": "NOTE: This feature functions by borrowing the buttons from two of your standard mouse/keyboard hotbars. The hotbars you choose will not be overwritten, but they will be unavailable while the feature is active.",
    "description": ""
  },
  "ShowOnlyOneBar": {
    "message": "Show Only One Bar",
    "description": ""
  },
  "ShowBoth": {
    "message": "Show Both",
    "description": ""
  },
  "SelectTwoBars": {
    "message": "Select 2 Bars:",
    "description": ""
  },
  "HudOptions": {
    "message": "HUD Options",
    "description": ""
  },
  "HudAllSame": {
    "message": "Apply the same settings to all HUD Slots",
    "description": ""
  },
  "HudUnique": {
    "message": "Apply different settings to each HUD Slot",
    "description": ""
  },
  "CurrentHudSlot": {
    "message": "Current HUD Slot:",
    "description": ""
  },
  "HighlightMsg": {
    "message": "Settings that are|highlighted|will change with your HUD.",
    "description": ""
  },
  "CopySettings": {
    "message": "Copy Settings",
    "description": ""
  },
  "CopyFrom": {
    "message": "From",
    "description": ""
  },
  "CopyTo": {
    "message": "To",
    "description": ""
  },
  "Copy": {
    "message": "Copy",
    "description": ""
  },
  "AllHudSlots": {
    "message": "All HUD Slots",
    "description": ""
  },
  "SetSwitching": {
    "message": "Set Switching",
    "description": ""
  },
  "AutoSwitch": {
    "message": "Auto-switch bar sets for {0}",
    "description": ""
  },
  "IfUsing": {
    "message": "If Using...",
    "description": ""
  },
  "MapTo": {
    "message": "Map {0} to...",
    "description": ""
  },
  "InCombat": {
    "message": "In Combat",
    "description": ""
  },
  "OutOfCombat": {
    "message": "Out of Combat",
    "description": ""
  },
  "PunchLine": {
    "message": "Customize the Cross Hotbar!",
    "description": ""
  },
  "DalamudDesc": {
    "message": "This plugin provides customizations for the look and feel of the Cross Hotbar\n\n-Split up the left/right hotbars\nDisplay Expanded Hold Controls Separately\n-Customize colors and element positions\n-Greater control over which sets your extra bars are mapped to",
    "description": ""
  },
  "TextCommands": {
    "message": "Text Commands",
    "description": ""
  },
  "CmdOpenClose": {
    "message": "Opens/Closes the CrossUp Settings window",
    "description": ""
  },
  "CmdTogglesFeature": {
    "message": "Toggles the feature",
    "description": ""
  },
  "CmdTogglesVis": {
    "message": "Toggles visibility",
    "description": ""
  },
  "CmdSetsX": {
    "message": "Sets the horizontal position",
    "description": ""
  },
  "CmdSetsY": {
    "message": "Sets the vertical position",
    "description": ""
  },
  "CmdSetsSeparationDistance": {
    "message": "Sets the separation distance",
    "description": ""
  },
  "CmdSetsCenter": {
    "message": "Sets the center point",
    "description": ""
  },
  "CmdSplit": {
    "message": "Controls the left/right bar separation",
    "description": ""
  },
  "CmdPadlock": {
    "message": "Controls the Padlock Icon visibility and position",
    "description": ""
  },
  "CmdSetNum": {
    "message": "Controls the SET # Text visibility and position",
    "description": ""
  },
  "CmdChangeSet": {
    "message": "Controls the CHANGE SET Display position",
    "description": ""
  },
  "CmdTriggerText": {
    "message": "Toggles the visibility of the L/R trigger text",
    "description": ""
  },
  "CmdUnassignedSlots": {
    "message": "Toggles the visibility of unassigned slots",
    "description": ""
  },
  "CmdSelectBg": {
    "message": "Controls the selection backdrop",
    "description": ""
  },
  "CmdBgStyle": {
    "message": "Sets the backdrop style\n\nOPTIONS: solid, frame, hidden",
    "description": ""
  },
  "CmdBgBlend": {
    "message": "Sets the backdrop color blending mode\n\nOPTIONS: normal, dodge",
    "description": ""
  },
  "CmdBgColor": {
    "message": "Sets the backdrop color",
    "description": ""
  },
  "CmdButtonColor": {
    "message": "Controls the button colors",
    "description": ""
  },
  "CmdButtonGlow": {
    "message": "Sets the button glow color",
    "description": ""
  },
  "CmdButtonPulse": {
    "message": "Sets the button pulse color",
    "description": ""
  },
  "CmdTextAndBorders": {
    "message": "Controls the text & border colors",
    "description": ""
  },
  "CmdTextColor": {
    "message": "Sets the text color",
    "description": ""
  },
  "CmdTextGlow": {
    "message": "Sets the text glow color",
    "description": ""
  },
  "CmdBorderColor": {
    "message": "Sets the border element color",
    "description": ""
  },
  "CmdSepEx": {
    "message": "Controls the Separate Expanded Hold options",
    "description": ""
  },
  "CmdBorrowBar": {
    "message": "Selects a hotbar to borrow (2-9)",
    "description": ""
  },
  "CmdOnlyOne": {
    "message": "Toggles whether only one Expanded Hold bar is shown",
    "description": ""
  },
  "CmdExPos": {
    "message": "Sets the position of the {0} bar",
    "description": ""
  },
  "CmdOnlyOneTip": {
    "message": "true: only one\nfalse: both",
    "description": ""
  },
  "CmdFader": {
    "message": "Controls the combat fader option",
    "description": ""
  },
  "CmdTransparency": {
    "message": "Sets transparency (0-100)",
    "description": ""
  },
  "CmdUseHex": {
    "message": "Use hex format (ie, #ffffff)",
    "description": ""
  },
  "CmdResetsToDefault": {
    "message": "Resets to default if no parameters are given",
    "description": ""
  },
  "CmdTogglesFeatureIf": {
    "message": "Toggles the feature if no parameters are given",
    "description": ""
  },
  "CmdTogglesVisIf": {
    "message": "Toggles visibility if no parameters are given",
    "description": ""
  },
  "CmdArgOnOff": {
    "message": "on/off",
    "description": ""
  },
  "CmdArShowHide": {
    "message": "show/hide",
    "description": ""
  },
  "CmdArgTrueFalse": {
    "message": "true/false",
    "description": ""
  },
  "CmdArgDistance": {
    "message": "distance",
    "description": ""
  },
  "CmdArgCenter": {
    "message": "center",
    "description": ""
  },
  "CmdArgStyle": {
    "message": "style",
    "description": ""
  },
  "CmdArgBlend": {
    "message": "blend",
    "description": ""
  },
  "CmdArgColor": {
    "message": "color",
    "description": ""
  },
  "CmdArgGlow": {
    "message": "glow color",
    "description": ""
  },
  "CmdArgPulse": {
    "message": "pulse color",
    "description": ""
  },
  "CmdArgTextColor": {
    "message": "text color",
    "description": ""
  },
  "CmdArgBorderColor": {
    "message": "border color",
    "description": ""
  },
  "CmdArgBorrow": {
    "message": "borrowed hotbar",
    "description": ""
  },
  "CmdArgCombatTransp": {
    "message": "combat transparency",
    "description": ""
  },
  "CmdArgIdleTransp": {
    "message": "idle transparency",
    "description": ""
  },
  "CmdExportToMacro": {
    "message": "Export your current settings as a macro",
    "description": ""
  }
}