{
  "HotbarN": {
    "message": "ホットバー{0}",
    "description": ""
  },
  "CrossHotbarMenuTerm": {
    "message": "XHBセット{0}：{1}",
    "description": ""
  },
  "WXHB": {
    "message": "WXHB",
    "description": ""
  },
  "Left": {
    "message": "左",
    "description": ""
  },
  "Right": {
    "message": "右",
    "description": ""
  },
  "DoubleTap": {
    "message": "{0}2回押し",
    "description": ""
  },
  "Set": {
    "message": "Set",
    "description": ""
  },
  "SetNumText": {
    "message": "「SET #」Text",
    "description": ""
  },
  "ChangeSetDisplay": {
    "message": "「SET CHANGE」Text",
    "description": ""
  }
}