{
  "Author": "Anna",
  "Name": "Orange Guidance Tomestone",
  "InternalName": "OrangeGuidanceTomestone",
  "AssemblyVersion": "1.10.2.0",
  "Description": "Dark Souls-like messaging system.",
  "ApplicableVersion": "any",
  "RepoUrl": "https://git.anna.lgbt/anna/OrangeGuidanceTomestone",
  "DalamudApiLevel": 11,
  "LoadRequiredState": 0,
  "LoadSync": false,
  "CanUnloadAsync": false,
  "LoadPriority": 0,
  "Punchline": "Leave messages like in Souls games. Great chest ahead.",
  "AcceptsFeedback": true
}