{
  "Author": "Anna",
  "Name": "XIVChat Server",
  "InternalName": "XIVChat",
  "AssemblyVersion": "1.7.9",
  "Description": "XIVChat is a suite of software allowing you to use FFXIV's chat from\ndifferent devices. This is the server component required to do so.\n\nFor information about clients to use with this server, see the website.",
  "ApplicableVersion": "any",
  "RepoUrl": "https://xiv.chat/",
  "DalamudApiLevel": 10,
  "LoadRequiredState": 0,
  "LoadSync": false,
  "CanUnloadAsync": false,
  "LoadPriority": 0,
  "Punchline": "Use chat away from the game.",
  "AcceptsFeedback": true
}