{
  "Author": "Infi, herulume, sevii",
  "Name": "OpenerCreator",
  "InternalName": "OpenerCreator",
  "AssemblyVersion": "0.4.0.0",
  "Description": "Create your opener and practice with a striking dummy. Provides basic analysis.",
  "ApplicableVersion": "any",
  "RepoUrl": "https://github.com/Infiziert90/OpenerCreator",
  "Tags": [
    "pve",
    "rotation",
    "opener",
    "helper",
    "jobs",
    "combat",
    "lines"
  ],
  "CategoryTags": [
    "jobs"
  ],
  "DalamudApiLevel": 12,
  "LoadRequiredState": 0,
  "LoadSync": false,
  "CanUnloadAsync": false,
  "LoadPriority": 0,
  "Punchline": "Create, save, and practice your openers.",
  "AcceptsFeedback": true
}