{
  "Author": "electr0sheep",
  "Name": "Item Vendor Location",
  "InternalName": "ItemVendorLocation",
  "AssemblyVersion": "2.3.0.0",
  "Description": "Adds a context menu option for items that will show you where to find items you can buy off a vendor",
  "ApplicableVersion": "any",
  "RepoUrl": "https://github.com/electr0sheep/ItemVendorLocation",
  "Tags": [
    "vendor plugin item"
  ],
  "DalamudApiLevel": 8,
  "LoadRequiredState": 0,
  "LoadSync": false,
  "CanUnloadAsync": false,
  "LoadPriority": 0,
  "ImageUrls": [
    "https://raw.githubusercontent.com/electr0sheep/ItemVendorLocation/main/Images/ContextMenu.png"
  ],
  "IconUrl": "https://raw.githubusercontent.com/electr0sheep/ItemVendorLocation/main/Images/icon.png",
  "Punchline": "Shows you where to buy vendor items",
  "Changelog": "- Added Chinese localization (Nuko)\n- Fix for some Aenc Ose shop data (Nuko)\n- Removed Garland Tools\n- GC bug fixes\n- Add keybinding modifier option",
  "AcceptsFeedback": true
}