{
  "Author": "Loskh(OtterCorp)",
  "Name": "DcTraveler",
  "InternalName": "DcTraveler",
  "AssemblyVersion": "1.0.0.2",
  "Description": "在选择角色界面,右键角色选择超域传送或返回。需要使用XL启动,并在设置中启动超域传送。(WeGame端暂不支持)",
  "ApplicableVersion": "any",
  "DalamudApiLevel": 14,
  "LoadRequiredState": 0,
  "LoadSync": false,
  "CanUnloadAsync": false,
  "LoadPriority": 0,
  "Punchline": "像国际服一样跨大区",
  "AcceptsFeedback": true
}