{
  "Author": "kalilistic",
  "Name": "Kapture",
  "InternalName": "Kapture",
  "AssemblyVersion": "1.8.0.0",
  "Description": "Kapture is a loot tracker to capture drops, obtained items, rolls, and more.\nUse the roll monitor to see who you are waiting on to roll.",
  "ApplicableVersion": "any",
  "RepoUrl": "https://github.com/kalilistic/Dalamud.Kapture",
  "Tags": [
    "loot",
    "track",
    "roll"
  ],
  "DalamudApiLevel": 10,
  "LoadRequiredState": 0,
  "LoadSync": false,
  "CanUnloadAsync": false,
  "LoadPriority": 0,
  "Punchline": "Track your loot.",
  "AcceptsFeedback": true
}