{
  "Author": "ArcaneDisgea",
  "Name": "Beeg Dinosaur Eat Window",
  "InternalName": "BeegWindow",
  "AssemblyVersion": "0.0.0.3",
  "Description": "Ensures that the game window is maximized when launching in windowed mode.",
  "ApplicableVersion": "any",
  "Tags": [
    "beeg dinosaur eat",
    "window"
  ],
  "DalamudApiLevel": 12,
  "LoadRequiredState": 0,
  "LoadSync": false,
  "CanUnloadAsync": false,
  "LoadPriority": 0,
  "Punchline": "That sure is a beeg dinosaur eat window.",
  "AcceptsFeedback": true
}