{
  "Author": "RedMage1993",
  "Name": "Mimicry Helper",
  "InternalName": "MimicryHelper",
  "AssemblyVersion": "1.0.1.5",
  "Description": "Use /mimic to open up the menu and click on the appropriate button to automatically mimic the role you're looking for.",
  "ApplicableVersion": "any",
  "RepoUrl": "https://github.com/RedMage1993/MimicryHelper",
  "Tags": [
    "blue mage",
    "blu",
    "mimicry"
  ],
  "DalamudApiLevel": 11,
  "LoadRequiredState": 0,
  "LoadSync": false,
  "CanUnloadAsync": false,
  "LoadPriority": 0,
  "Punchline": "Automatically mimic the role you're looking for.",
  "AcceptsFeedback": true
}