{
  "Author": "ocealot, AtmoOmen",
  "Name": "VFXEditor",
  "InternalName": "VFXEditor",
  "AssemblyVersion": "1.7.9.2",
  "Description": "游戏内视觉效果、动画与音频编辑插件 | 图标来源: PAPACHIN",
  "ApplicableVersion": "any",
  "RepoUrl": "https://github.com/AtmoOmen/VFXEditor-CN",
  "Tags": [
    "VFX",
    "AVFX"
  ],
  "DalamudApiLevel": 8,
  "LoadRequiredState": 0,
  "LoadSync": false,
  "CanUnloadAsync": false,
  "LoadPriority": 69,
  "Punchline": "游戏视觉效果编辑器、查看器",
  "AcceptsFeedback": true
}