{
  "Author": "QuackieMackie",
  "Name": "QuestJournal",
  "InternalName": "QuestJournal",
  "AssemblyVersion": "1.1.3.0",
  "Description": "Quest Journal is a detailed quest tracker / viewer. Letting you see information about quest chains without using a wiki.",
  "ApplicableVersion": "any",
  "Tags": [
    "Quest",
    "Journal",
    "QuestJournal"
  ],
  "DalamudApiLevel": 12,
  "LoadRequiredState": 0,
  "LoadSync": false,
  "CanUnloadAsync": false,
  "LoadPriority": 0,
  "Punchline": "See details about quests that the FFXIV doesn't tell you.",
  "AcceptsFeedback": true
}