{
  "Author": "HappySprite",
  "Name": "Workshop Optimizer Plugin",
  "InternalName": "WorkshopOptimizerPlugin",
  "AssemblyVersion": "0.2.7.3",
  "Description": "Use /wso after you visited your island.",
  "ApplicableVersion": "any",
  "RepoUrl": "https://github.com/belzaru17/WorkshopOptimizerPlugin",
  "Tags": [
    "island",
    "workshop",
    "optimizer"
  ],
  "DalamudApiLevel": 8,
  "LoadRequiredState": 0,
  "LoadSync": false,
  "LoadPriority": 0,
  "ImageUrls": [
    "https://raw.githubusercontent.com/belzaru17/WorkshopOptimizerPlugin/main/Images/image1.png",
    "https://raw.githubusercontent.com/belzaru17/WorkshopOptimizerPlugin/main/Images/image2.png",
    "https://raw.githubusercontent.com/belzaru17/WorkshopOptimizerPlugin/main/Images/image3.png",
    "https://raw.githubusercontent.com/belzaru17/WorkshopOptimizerPlugin/main/Images/image4.png"
  ],
  "IconUrl": "https://raw.githubusercontent.com/belzaru17/WorkshopOptimizerPlugin/main/Images/icon.png",
  "Punchline": "Optimize Island Sanctuary Workshop orders.",
  "AcceptsFeedback": true
}