{
  "Author": "Infi, herulume, sevii",
  "Name": "Directional",
  "InternalName": "Directional",
  "AssemblyVersion": "1.0.0.0",
  "Description": "Draw the compass directionals around the target (boss relative or true north)",
  "ApplicableVersion": "any",
  "RepoUrl": "https://github.com/Infiziert90/Directional",
  "Tags": [
    "pve",
    "helper",
    "combat",
    "callouts",
    "directions",
    "target",
    "hitbox",
    "overlay",
    "indicator"
  ],
  "DalamudApiLevel": 13,
  "LoadRequiredState": 0,
  "LoadSync": false,
  "CanUnloadAsync": false,
  "LoadPriority": 0,
  "ImageUrls": [
    "https://raw.githubusercontent.com/Infiziert90/Directional/master/images/img1.png",
    "https://raw.githubusercontent.com/Infiziert90/Directional/master/images/img2.png"
  ],
  "IconUrl": "https://raw.githubusercontent.com/Infiziert90/Directional/master/images/icon.png",
  "Punchline": "Draw the compass directionals around the target for easier callouts",
  "AcceptsFeedback": true
}