{
  "Author": "Shezwick",
  "Name": "Glamour Spam Remover",
  "InternalName": "GlamourSpamRemover",
  "AssemblyVersion": "1.2.3.1",
  "Description": "No settings needed, just add and forget.\n\nLove linking plates to gearsets but hate all the chat spam when you swap? Here's your solution.",
  "ApplicableVersion": "any",
  "RepoUrl": "https://github.com/Shezwick/GlamourSpamRemover.git",
  "Tags": [
    "chat",
    "glamour"
  ],
  "DalamudApiLevel": 11,
  "LoadRequiredState": 0,
  "LoadSync": false,
  "CanUnloadAsync": false,
  "LoadPriority": 0,
  "ImageUrls": [
    "https://github.com/Shezwick/GlamourSpamRemover/blob/master/Assets/image1.png",
    "https://github.com/Shezwick/GlamourSpamRemover/blob/master/Assets/image2.png"
  ],
  "IconUrl": "https://github.com/Shezwick/GlamourSpamRemover/blob/master/Assets/icon.png",
  "Punchline": "What it says on the tin.",
  "AcceptsFeedback": true
}