{
  "Author": "Kouzukii, VeroFess",
  "Name": "Price Insight CN",
  "InternalName": "PriceInsightCN",
  "AssemblyVersion": "2.4.0.0",
  "Description": "每当您将鼠标悬停在商品上时, 这个插件都会在底部显示 NQ/HQ 市场价格以及最近购买的价格.\n价格从 Universalis.app 检索并缓存 90 分钟。\n要刷新价格, 您可以将鼠标悬停在某个项目上的同时点击 Alt .\n",
  "ApplicableVersion": "any",
  "RepoUrl": "https://github.com/VeroFess/ffxiv-priceinsight-cn",
  "Tags": [
    "marketboard",
    "items",
    "price",
    "CN"
  ],
  "CategoryTags": [
    "ui",
    "utility"
  ],
  "DalamudApiLevel": 8,
  "LoadRequiredState": 0,
  "LoadSync": false,
  "LoadPriority": 0,
  "ImageUrls": [
    "https://raw.githubusercontent.com/VeroFess/ffxiv-priceinsight-cn/main/images/imagecn.png",
    "https://raw.githubusercontent.com/VeroFess/ffxiv-priceinsight-cn/main/images/image1.png",
    "https://raw.githubusercontent.com/VeroFess/ffxiv-priceinsight-cn/main/images/image2.png"
  ],
  "IconUrl": "https://raw.githubusercontent.com/VeroFess/ffxiv-priceinsight-cn/main/images/icon.png",
  "Punchline": "在鼠标悬停时查看商品市场价格! 该插件为Price Insight的中国区兼容版, 同时通过换源的方式解决了国内访问 Universalis.app 缓慢的问题",
  "AcceptsFeedback": true
}