{
  "Author": "Fuwa Aika",
  "Name": "Grace Gawker",
  "InternalName": "GraceGawker",
  "AssemblyVersion": "1.1.3.0",
  "Description": "An overlay plugin that displays the remaining XP for your Crafter's/Gatherer's Grace buffs.",
  "ApplicableVersion": "any",
  "RepoUrl": "https://github.com/mashirochan/FFXIV-GraceGawker",
  "Tags": [
    "crafting",
    "gathering",
    "xp",
    "grace",
    "buff"
  ],
  "DalamudApiLevel": 12,
  "LoadRequiredState": 0,
  "LoadSync": false,
  "CanUnloadAsync": false,
  "LoadPriority": 0,
  "Punchline": "View the remaining XP on Crafter's/Gatherer's Grace",
  "AcceptsFeedback": true
}