{
  "Author": "Lunalicious",
  "Name": "Simple Todo",
  "InternalName": "SimpleTodo",
  "AssemblyVersion": "0.0.1.0",
  "Description": "/ptodo to open the Todo List\n/ptodoconfig to open the Configuration",
  "ApplicableVersion": "any",
  "RepoUrl": "https://gitlab.com/moonfox-projects/simpletodo",
  "Tags": [
    "list",
    "order",
    "todo"
  ],
  "CategoryTags": [
    "utility"
  ],
  "DalamudApiLevel": 10,
  "LoadRequiredState": 0,
  "LoadSync": false,
  "CanUnloadAsync": false,
  "LoadPriority": 0,
  "ImageUrls": [
    ""
  ],
  "Punchline": "A simple Todo List",
  "AcceptsFeedback": true
}