{
  "Author": "Dragon",
  "Name": "Visibility",
  "InternalName": "Visibility",
  "AssemblyVersion": "1.1.4.1",
  "Description": "Allows you to hide players, pets, chocobos and minions.\nIncludes VoidList, which is a better blacklist.\nAccessible via /pvis\nMore information available via /xlhelp",
  "ApplicableVersion": "any",
  "RepoUrl": "https://github.com/SheepGoMeh/VisibilityPlugin",
  "Tags": [
    "Blacklist",
    "Void",
    "VoidList",
    "Ban",
    "Hide",
    "Visibility",
    "QoL"
  ],
  "DalamudApiLevel": 7,
  "LoadPriority": 0,
  "Punchline": "Allows you to hide players, pets, chocobos and minions."
}