{
  "Author": "Sylf",
  "Name": "Monster Loot Hunter",
  "InternalName": "MonsterLootHunter",
  "AssemblyVersion": "1.0.16.4",
  "Description": "Check where you can obtain a material from monsters, duties, crafting, gathering or where they can be bought from NPCs.",
  "ApplicableVersion": "any",
  "RepoUrl": "https://github.com/danielbrenom/MonsterLootHunter",
  "Tags": [
    "material",
    "monster",
    "loot",
    "hunter",
    "finder"
  ],
  "DalamudApiLevel": 8,
  "LoadRequiredState": 0,
  "LoadSync": false,
  "CanUnloadAsync": false,
  "LoadPriority": 0,
  "Punchline": "Want to check where you can obtain materials? This is the plugin for you!",
  "Changelog": "- Added alternative item name lookup for information retrieval\n- Fixed data processing of wiki information",
  "AcceptsFeedback": true
}