{
  "Author": "Tischel",
  "Name": "TPie",
  "InternalName": "TPie",
  "AssemblyVersion": "1.7.0.0",
  "Description": "Highly configurable hotbars that can be toggled with a keybind. They can be filled with Actions, Items, Gear Sets or Macros.",
  "ApplicableVersion": "any",
  "RepoUrl": "https://github.com/Tischel/TPie",
  "Tags": [
    "UI"
  ],
  "DalamudApiLevel": 8,
  "LoadRequiredState": 0,
  "LoadSync": false,
  "LoadPriority": 0,
  "Punchline": "Customizable ring-shaped hotbars",
  "Changelog": "1.7.0.0\n- Added support for Patch 6.3 and Dalamud Api8.",
  "AcceptsFeedback": true
}