{
  "Author": "Tischel",
  "Name": "TPie",
  "InternalName": "TPie",
  "AssemblyVersion": "1.12.0.0",
  "Description": "Highly configurable hotbars that can be toggled with a keybind. They can be filled with Actions, Items, Gear Sets, Macros and more...",
  "ApplicableVersion": "any",
  "RepoUrl": "https://github.com/Tischel/TPie",
  "Tags": [
    "UI"
  ],
  "DalamudApiLevel": 13,
  "LoadRequiredState": 0,
  "LoadSync": false,
  "CanUnloadAsync": false,
  "LoadPriority": 0,
  "Punchline": "Customizable ring-shaped hotbars",
  "Changelog": "# 1.12.0.0\n\n- Added support for Patch 7.3 and Dalamud API 13.",
  "AcceptsFeedback": true
}