{
  "Author": "SaMo",
  "Name": "Map Party Assist",
  "InternalName": "MapPartyAssist",
  "AssemblyVersion": "2.4.1.3",
  "Description": "Tool for keeping track of treasure maps opened by party members and recording map and dungeon statistics.",
  "ApplicableVersion": "any",
  "RepoUrl": "https://github.com/wrath16/MapPartyAssist",
  "Tags": [
    "treasure maps",
    "maps",
    "achievements",
    "statistics",
    "items",
    "plugin"
  ],
  "DalamudApiLevel": 12,
  "LoadRequiredState": 0,
  "LoadSync": false,
  "CanUnloadAsync": false,
  "LoadPriority": 0,
  "IconUrl": "https://raw.githubusercontent.com/wrath16/MapPartyAssist/master/images/icon.png",
  "Punchline": "Treasure map tracker and statistics.",
  "Changelog": "-Bug fixes.",
  "AcceptsFeedback": true
}