{
  "Author": "Anna",
  "Name": "The Great Separator",
  "InternalName": "TheGreatSeparator",
  "AssemblyVersion": "1.2.8.0",
  "Description": "Add separators to various numbers.\n\n- Damage/healing numbers (not DoTs or other players' numbers)\n- Party list HP\n- Ability costs on hotbars\n- Ability costs in tooltips",
  "ApplicableVersion": "any",
  "RepoUrl": "https://git.anna.lgbt/anna/TheGreatSeparator",
  "DalamudApiLevel": 9,
  "LoadRequiredState": 0,
  "LoadSync": false,
  "CanUnloadAsync": false,
  "LoadPriority": 0,
  "Punchline": "Add separators to various numbers.",
  "AcceptsFeedback": true
}