{
  "Author": "Loskh",
  "Name": "StarlightBreaker",
  "InternalName": "StarlightBreaker",
  "AssemblyVersion": "2.14.7.0",
  "Description": "关闭屏蔽词过滤,并特殊显示聊天频道或招募板上发出的屏蔽词(由于收到一些导致招募崩溃的反馈，招募反屏蔽已暂时关闭)",
  "ApplicableVersion": "any",
  "DalamudApiLevel": 14,
  "LoadRequiredState": 0,
  "LoadSync": false,
  "CanUnloadAsync": false,
  "LoadPriority": 0,
  "Punchline": "关闭屏蔽词过滤,并特殊显示聊天频道或招募板上发出的屏蔽词",
  "AcceptsFeedback": true
}