{
  "Author": "Loskh",
  "Name": "StarlightBreaker",
  "InternalName": "StarlightBreaker",
  "AssemblyVersion": "1.2.10.0",
  "Description": "关闭屏蔽词过滤,并特殊显示聊天频道或招募板上发出的屏蔽词",
  "ApplicableVersion": "any",
  "RepoUrl": "https://github.com/Loskh/StarlightBreaker",
  "DalamudApiLevel": 11,
  "LoadRequiredState": 0,
  "LoadSync": false,
  "CanUnloadAsync": false,
  "LoadPriority": 0,
  "Punchline": "/slb 打开设置窗口",
  "AcceptsFeedback": true
}