{
  "Author": "Attick, daemitus, maintained by Khayle",
  "Name": "XIV Combo",
  "InternalName": "XIVCombo",
  "AssemblyVersion": "2.0.3.1",
  "Description": "This plugin condenses combos and mutually exclusive abilities onto a single button. /pcombo to open menu",
  "ApplicableVersion": "any",
  "RepoUrl": "https://github.com/MKhayle/XivComboPlugin",
  "Tags": [
    "Combo",
    "XIVCombo",
    "pcombo"
  ],
  "DalamudApiLevel": 14,
  "LoadRequiredState": 0,
  "LoadSync": false,
  "CanUnloadAsync": false,
  "LoadPriority": 0,
  "Punchline": "PvP, but in PvE!",
  "AcceptsFeedback": true
}