{
  "Author": "Meisterlala",
  "Name": "Neko Fans",
  "InternalName": "Neko",
  "AssemblyVersion": "1.3.6",
  "Description": "Shows you an image of a random neko character. Click on the image to view the next one.\nYou can choose different image sources, allowing you to look at Catboys, Waifus, Cats, Dogs and more.\n\nSupported APIs:\nnekos.best, Nekos.life, Dog CEO, The Cat API, Pic.re, Waifu.im, Waifu.pics and shibe.online\n\nWarning: You might see naughty images",
  "ApplicableVersion": "any",
  "RepoUrl": "https://github.com/Meisterlala/NekoFans",
  "Tags": [
    "anime",
    "neko",
    "waifu",
    "miqote",
    "image"
  ],
  "CategoryTags": [
    "UI"
  ],
  "DalamudApiLevel": 13,
  "LoadRequiredState": 0,
  "LoadSync": false,
  "CanUnloadAsync": true,
  "LoadPriority": 0,
  "ImageUrls": [
    "https://raw.githubusercontent.com/Meisterlala/NekoFans/master/images/image1.png",
    "https://raw.githubusercontent.com/Meisterlala/NekoFans/master/images/image2.png"
  ],
  "IconUrl": "https://raw.githubusercontent.com/Meisterlala/NekoFans/master/icon.png",
  "Punchline": "Frustrated in a dungeon? Look at a cute cat girl!",
  "AcceptsFeedback": true
}