{
  "Author": "shdwp, Avaflow, abashby",
  "Name": "Party Icons",
  "InternalName": "PartyIcons",
  "AssemblyVersion": "1.1.4.0",
  "Description": "Adjusts player nameplates base on current content. For example you can display raid positions (that are assigned automatically by listening to the chat), job icons, or names with job icons.\n\nReverse-engineering effort achieved by authors of JobIcons: haplo, daemitus, Loskh, wozaiha, without them this plugin would not be possible!",
  "ApplicableVersion": "any",
  "RepoUrl": "https://github.com/shdwp/xivPartyIcons",
  "Tags": [
    "UI"
  ],
  "DalamudApiLevel": 8,
  "LoadRequiredState": 0,
  "LoadSync": false,
  "LoadPriority": 0,
  "Punchline": "Replace names with job icons, raid role positions and more!",
  "AcceptsFeedback": true
}