<?xml version="1.0"?>
<doc>
    <assembly>
        <name>WondrousTailsSolver</name>
    </assembly>
    <members>
        <member name="T:WondrousTailsSolver.ButtonState">
            <summary>
            The state of a sticker button.
            </summary>
        </member>
        <member name="F:WondrousTailsSolver.ButtonState.Completable">
            <summary>
            Needs instance completion to become available .
            </summary>
        </member>
        <member name="F:WondrousTailsSolver.ButtonState.AvailableNow">
            <summary>
            Can click button to get a stamp right now.
            </summary>
        </member>
        <member name="F:WondrousTailsSolver.ButtonState.Unavailable">
            <summary>
            Already completed, needs re-roll.
            </summary>
        </member>
        <member name="F:WondrousTailsSolver.ButtonState.Unknown">
            <summary>
            Data is state, unknown state.
            </summary>
        </member>
        <member name="T:WondrousTailsSolver.PerfectTails">
            <summary>
            Minigame solver.
            </summary>
            <summary>
            Static calculations.
            </summary>
        </member>
        <member name="M:WondrousTailsSolver.PerfectTails.#ctor">
            <summary>
            Initializes a new instance of the <see cref="T:WondrousTailsSolver.PerfectTails"/> class.
            </summary>
        </member>
        <member name="P:WondrousTailsSolver.PerfectTails.Error">
            <summary>
            Gets the error response.
            </summary>
        </member>
        <member name="M:WondrousTailsSolver.PerfectTails.Solve(System.Boolean[])">
            <summary>
            Solve the board.
            </summary>
            <param name="cells">Current board state.</param>
            <returns>Array of probabilities.</returns>
        </member>
        <member name="M:WondrousTailsSolver.PerfectTails.GetSample(System.Int32)">
            <summary>
            Get the average of all the potential solutions.
            </summary>
            <param name="stickersPlaced">Number of stickers placed.</param>
            <returns>Sampled probabilities.</returns>
        </member>
        <member name="T:WondrousTailsSolver.Service">
            <summary>
            Dalamud and plugin services.
            </summary>
        </member>
        <member name="P:WondrousTailsSolver.Service.Interface">
            <summary>
            Gets the Dalamud plugin interface.
            </summary>
        </member>
        <member name="P:WondrousTailsSolver.Service.DataManager">
            <summary>
            Gets the Dalamud data manager.
            </summary>
        </member>
        <member name="P:WondrousTailsSolver.Service.SigScanner">
            <summary>
            Gets the Dalamud signature scanner.
            </summary>
        </member>
        <member name="P:WondrousTailsSolver.Service.ClientState">
            <summary>
            Gets the Dalamud Client State.
            </summary>
        </member>
        <member name="T:WondrousTailsSolver.WondrousTailsSolverPlugin">
            <summary>
            Main plugin implementation.
            </summary>
        </member>
        <member name="M:WondrousTailsSolver.WondrousTailsSolverPlugin.#ctor(Dalamud.Plugin.DalamudPluginInterface)">
            <summary>
            Initializes a new instance of the <see cref="T:WondrousTailsSolver.WondrousTailsSolverPlugin"/> class.
            </summary>
            <param name="pluginInterface">Dalamud plugin interface.</param>
        </member>
        <member name="P:WondrousTailsSolver.WondrousTailsSolverPlugin.Name">
            <inheritdoc/>
        </member>
        <member name="M:WondrousTailsSolver.WondrousTailsSolverPlugin.Dispose">
            <inheritdoc/>
        </member>
    </members>
</doc>
