{
  "Author": "Jessidhia",
  "Name": "DeviceChangeFix",
  "InternalName": "DeviceChangeFix",
  "AssemblyVersion": "2.0.1.0",
  "Description": "Stops controller input from freezing randomly by ensuring FFXIV only polls for controllers when one is actually connected or disconnected.\n\nOriginal plugin by PGGB, icon from Mutant Standard.",
  "ApplicableVersion": "any",
  "RepoUrl": "https://github.com/Jessidhia/DeviceChangeFix",
  "Tags": [
    "fix",
    "gamepad"
  ],
  "DalamudApiLevel": 7,
  "LoadPriority": 0,
  "Punchline": "Stops controller input from freezing randomly."
}