{
  "Author": "Infi, kalilistic",
  "Name": "PriceCheck",
  "InternalName": "PriceCheck",
  "AssemblyVersion": "2.7.4.0",
  "Description": "To check prices, hold your keybind and then hover over an item or via the item's context menu.\nThe prices are pulled from the crowd-sourced site Universalis.",
  "ApplicableVersion": "any",
  "RepoUrl": "https://github.com/Infiziert90/PriceCheck",
  "Tags": [
    "price",
    "marketboard",
    "universalis"
  ],
  "DalamudApiLevel": 13,
  "LoadRequiredState": 0,
  "LoadSync": false,
  "CanUnloadAsync": false,
  "LoadPriority": 0,
  "Punchline": "Quickly price check your items.",
  "AcceptsFeedback": true
}