{
  "Author": "kalilistic",
  "Name": "PriceCheck",
  "InternalName": "PriceCheck",
  "AssemblyVersion": "2.3.4.0",
  "Description": "To check prices, hold your keybind and then hover over an item or via the item's context menu.\nThe prices are pulled from the crowd-sourced site Universalis.",
  "ApplicableVersion": "any",
  "RepoUrl": "https://github.com/kalilistic/PriceCheck",
  "Tags": [
    "price",
    "marketboard",
    "universalis"
  ],
  "DalamudApiLevel": 7,
  "LoadPriority": 0,
  "Punchline": "Quickly price check your items."
}