{
  "Author": "Glyceri",
  "Name": "Talk Copy",
  "InternalName": "TalkCopy",
  "AssemblyVersion": "0.0.0.1",
  "Description": "Automatically copies messages from the Talk Box to your clipboard.",
  "ApplicableVersion": "any",
  "Tags": [
    "plugin",
    "talk",
    "copy"
  ],
  "DalamudApiLevel": 9,
  "LoadRequiredState": 0,
  "LoadSync": false,
  "CanUnloadAsync": false,
  "LoadPriority": 0,
  "Punchline": "Automatically copies messages from the Talk Box to your clipboard.",
  "AcceptsFeedback": true
}