{
  "Author": "Infi, Anna",
  "Name": "Chat 2",
  "InternalName": "ChatTwo",
  "AssemblyVersion": "1.30.14.0",
  "Description": "Chat 2 is a complete rewrite of the in-game chat window as a plugin.\nIt supports:\n\n- Unlimited tabs\n- Tabs that always send to a certain channel\n- More flexible filtering\n- RGB channel colouring\n- Completely variable font size\n- Sidebar tabs\n- Unread counts\n- Emotes\n- Screenshot mode (obfuscate names)",
  "ApplicableVersion": "any",
  "RepoUrl": "https://github.com/Infiziert90/ChatTwo",
  "Tags": [
    "Social",
    "UI",
    "Chat",
    "Replacement"
  ],
  "DalamudApiLevel": 12,
  "LoadRequiredState": 0,
  "LoadSync": false,
  "CanUnloadAsync": false,
  "LoadPriority": 0,
  "Punchline": "Electric Boogaloo - ♪ A whole new chat, a new fantastic chat window ♪",
  "Changelog": "**New Feature Added~**\n- A web interface has been added\n- *This will not function if your game client is offline or you are logged out of the game*\n\n**Main Features**\n- View in-game chat on any device that has a web browser functionality\n- Can send chat messages through the web interface directly into the game itself\n- Easily copy & paste messages\n- Option for automatic starting the web interface feature\n- Log lines render limit for faster loading performance [Default 1000]\n\n**Security**\n- This feature is not intended to be used outside of your local, private network\n- Do not forward ports that are described inside the chat2 options panel\n- Never share your authentication code under any circumstances\n- Multi-box support is not provided, the web interface will track only the first client\n\n**Additional Features soon to be Added**\n- Display errors as small notifications inside the web interface\n\n**Planned Features**\n- Multiple Tabs support\n- Browser specific settings\n- Stylization support\n\n**Additional Permissions Note**\n- Users that wish to expand this to apps or other platforms are welcome to do so\n\n*Note: An FAQ will be provided in the chat2 thread on the dalamud discord, linked in the About section*",
  "AcceptsFeedback": true
}