{
  "Author": "ascclemens",
  "Name": "Remote Party Finder Uploader",
  "InternalName": "RemotePartyFinder",
  "AssemblyVersion": "1.0.10.0",
  "Description": "Uploads the PF listings you retrieve to the crowdsourced Remote\nParty Finder website (https://xivpf.littlenightmare.top/lis/contribute/multiple).",
  "ApplicableVersion": "any",
  "RepoUrl": "https://github.com/LittleNightmare/remote-party-finder",
  "DalamudApiLevel": 8,
  "LoadRequiredState": 0,
  "LoadSync": false,
  "LoadPriority": 0,
  "Punchline": "Crowdsourced PF website (upload PF listings to xivpf.littlenightmare.top)",
  "AcceptsFeedback": true
}