{
  "Author": "086, Anna",
  "Name": "Remote Party Finder Uploader",
  "InternalName": "RemotePartyFinder",
  "AssemblyVersion": "1.0.13.0",
  "Description": "Uploads the PF listings you retrieve to the crowdsourced Remote\nParty Finder website (https://xivpf.com/).",
  "ApplicableVersion": "any",
  "RepoUrl": "https://github.com/zeroeightysix/remote-party-finder/",
  "DalamudApiLevel": 10,
  "LoadRequiredState": 0,
  "LoadSync": false,
  "CanUnloadAsync": false,
  "LoadPriority": 0,
  "Punchline": "Crowdsourced PF website (upload PF listings to xivpf.com)",
  "AcceptsFeedback": true
}