{
  "Author": "Kouzukii",
  "Name": "Which Patch Was That?",
  "InternalName": "WhichPatchWasThat",
  "AssemblyVersion": "7.2.0.0",
  "Description": "Whenever you mouseover an item, the tooltip will show you the patch the item was released in.\nNever carry around old useless crafting materials again!\n",
  "ApplicableVersion": "any",
  "RepoUrl": "https://github.com/kouzukii/ffxiv-itempatch",
  "Tags": [
    "items",
    "patch"
  ],
  "CategoryTags": [
    "ui",
    "utility"
  ],
  "DalamudApiLevel": 12,
  "LoadRequiredState": 0,
  "LoadSync": false,
  "CanUnloadAsync": false,
  "LoadPriority": 0,
  "Punchline": "Quickly check the patch an item was released in!",
  "AcceptsFeedback": true
}