<?xml version="1.0"?>
<doc>
    <assembly>
        <name>FFXIVRPCalendarPlugin</name>
    </assembly>
    <members>
        <member name="T:FFXIVRPCalendarPlugin.EnumeratorExtensions">
            <summary>
            Enumerator Extensions.
            </summary>
        </member>
        <member name="M:FFXIVRPCalendarPlugin.EnumeratorExtensions.GetDescription``1(``0)">
            <summary>
            Gets the description of a given enumeration value.
            </summary>
            <typeparam name="T">The enumerator type.</typeparam>
            <param name="source">The source enumeration value.</param>
            <returns>The enumeration description.</returns>
        </member>
        <member name="T:FFXIVRPCalendarPlugin.Models.Configuration">
            <summary>
            Configuration storage for the FFXIV RP Event Calendar plugin.
            </summary>
        </member>
        <member name="P:FFXIVRPCalendarPlugin.Models.Configuration.FirstTimeInfoShown">
            <summary>
            Gets or sets a value indicating whether the user has seen the first time information.
            </summary>
        </member>
        <member name="P:FFXIVRPCalendarPlugin.Models.Configuration.Version">
            <summary>
            Gets or sets the Version number.
            </summary>
        </member>
        <member name="P:FFXIVRPCalendarPlugin.Models.Configuration.ApiAddress">
            <summary>
            Gets the root URL of the event calendar's API.
            </summary>
        </member>
        <member name="P:FFXIVRPCalendarPlugin.Models.Configuration.TimeZoneInfo">
            <summary>
            Gets or sets the time zone to be used when translating event start/end dates and to determine the stand and end of 'today'.
            </summary>
        </member>
        <member name="P:FFXIVRPCalendarPlugin.Models.Configuration.Ratings">
            <summary>
            Gets or sets a listing of ESRB Ratings to filter event lists with.
            </summary>
            <remarks>
            Defaults to "Teen" events only.  Null or empty will show all.
            </remarks>
        </member>
        <member name="P:FFXIVRPCalendarPlugin.Models.Configuration.Categories">
            <summary>
            Gets or sets a listing of categories to filter the event lists with.
            </summary>
        </member>
        <member name="P:FFXIVRPCalendarPlugin.Models.Configuration.OneTimeEventsOnly">
            <summary>
            Gets or sets a value indicating whether only one time events are to be shown.
            </summary>
        </member>
        <member name="P:FFXIVRPCalendarPlugin.Models.Configuration.EventTimeframe">
            <summary>
            Gets or sets the timeframe of events to display.
            </summary>
        </member>
        <member name="M:FFXIVRPCalendarPlugin.Models.Configuration.Initialize(Dalamud.Plugin.IDalamudPluginInterface)">
            <summary>
            Initialize the Plugin interface.
            </summary>
            <param name="pluginInterface">The plugin interface provided from the primary Dalamud plugin.</param>
        </member>
        <member name="M:FFXIVRPCalendarPlugin.Models.Configuration.Save">
            <summary>
            Trigger the saving of the configuration through the plugin interface.
            </summary>
        </member>
        <member name="M:FFXIVRPCalendarPlugin.Models.Configuration.Reset">
            <summary>
            Reset the calendar specific properties to their default values.
            </summary>
        </member>
        <member name="T:FFXIVRPCalendarPlugin.Models.ESRBRatingInfo">
            <summary>
            Represents an ESRBRatingInfo.
            </summary>
        </member>
        <member name="P:FFXIVRPCalendarPlugin.Models.ESRBRatingInfo.RatingName">
            <summary>
            Gets or sets the rating name.
            </summary>
        </member>
        <member name="P:FFXIVRPCalendarPlugin.Models.ESRBRatingInfo.Description">
            <summary>
            Gets or sets the rating description.
            </summary>
        </member>
        <member name="P:FFXIVRPCalendarPlugin.Models.ESRBRatingInfo.SortOrder">
            <summary>
            Gets or sets the sort order.
            </summary>
        </member>
        <member name="P:FFXIVRPCalendarPlugin.Models.ESRBRatingInfo.Prefix">
            <summary>
            Gets or sets the string prefix used when listing events of mixed ratings.
            </summary>
        </member>
        <member name="P:FFXIVRPCalendarPlugin.Models.ESRBRatingInfo.RequiresAgeValidation">
            <summary>
            Gets or sets a value indicating whether this event requires the user to be age verified.
            </summary>
            <remarks>Any event requiring age validation will not be displayed in the plugin.</remarks>
        </member>
        <member name="T:FFXIVRPCalendarPlugin.Models.EventCategoryInfo">
            <summary>
            Represents an event category.
            </summary>
        </member>
        <member name="P:FFXIVRPCalendarPlugin.Models.EventCategoryInfo.CategoryName">
            <summary>
            Gets or sets the event category name.
            </summary>
        </member>
        <member name="P:FFXIVRPCalendarPlugin.Models.EventCategoryInfo.Description">
            <summary>
            Gets or sets the verbose description of the event category.
            </summary>
        </member>
        <member name="P:FFXIVRPCalendarPlugin.Models.EventCategoryInfo.SortOrder">
            <summary>
            Gets or sets the sort order of the event category.
            </summary>
        </member>
        <member name="T:FFXIVRPCalendarPlugin.Models.EventDisplayRange">
            <summary>
            Represents the range of servers to show events from.
            </summary>
        </member>
        <member name="F:FFXIVRPCalendarPlugin.Models.EventDisplayRange.Everywhere">
            <summary>
            Show events from all servers on all datacenters.
            </summary>
        </member>
        <member name="F:FFXIVRPCalendarPlugin.Models.EventDisplayRange.PhysicalDatacenter">
            <summary>
            Show events for all servers in the current physical datacenter cluster.
            </summary>
        </member>
        <member name="F:FFXIVRPCalendarPlugin.Models.EventDisplayRange.LocalDatacenter">
            <summary>
            Show events for all servers in the logical datacenter.
            </summary>
        </member>
        <member name="F:FFXIVRPCalendarPlugin.Models.EventDisplayRange.LocalServer">
            <summary>
            Show events only from the current server.
            </summary>
        </member>
        <member name="T:FFXIVRPCalendarPlugin.Models.EventTimeframe">
            <summary>
            Represents a timeframe of roleplay events to show.
            </summary>
        </member>
        <member name="F:FFXIVRPCalendarPlugin.Models.EventTimeframe.Now">
            <summary>
            Show only events that are happening right now.
            </summary>
        </member>
        <member name="F:FFXIVRPCalendarPlugin.Models.EventTimeframe.NextHours">
            <summary>
            Show only events that will open within the next hour.
            </summary>
        </member>
        <member name="F:FFXIVRPCalendarPlugin.Models.EventTimeframe.Today">
            <summary>
            Show only events happening today.
            </summary>
        </member>
        <member name="F:FFXIVRPCalendarPlugin.Models.EventTimeframe.ThisWeek">
            <summary>
            Show only events that are happening this week.
            </summary>
        </member>
        <member name="F:FFXIVRPCalendarPlugin.Models.EventTimeframe.NextWeek">
            <summary>
            Show only events that are happening this week.
            </summary>
        </member>
        <member name="T:FFXIVRPCalendarPlugin.Models.FFXIVServer">
            <summary>
            Represents one of FFXIV's servers.
            </summary>
        </member>
        <member name="P:FFXIVRPCalendarPlugin.Models.FFXIVServer.ServerName">
            <summary>
            Gets or sets the Server name.
            </summary>
        </member>
        <member name="P:FFXIVRPCalendarPlugin.Models.FFXIVServer.DataCenterName">
            <summary>
            Gets or sets the Datacenter Name.
            </summary>
        </member>
        <member name="P:FFXIVRPCalendarPlugin.Models.FFXIVServer.RegionName">
            <summary>
            Gets or sets the physical datacenter region name.
            </summary>
        </member>
        <member name="P:FFXIVRPCalendarPlugin.Models.FFXIVServer.ServerId">
            <summary>
            Gets or sets the FFXIV Internal Server Id.
            </summary>
        </member>
        <member name="T:FFXIVRPCalendarPlugin.Models.Mock.CalendarMockData">
            <summary>
            Mock data for the FFXIV RP Event Calendar to simulate API results.
            </summary>
        </member>
        <member name="M:FFXIVRPCalendarPlugin.Models.Mock.CalendarMockData.GetEventInfoMock">
            <summary>
            Get string containig test event information.
            </summary>
            <returns>A JSON formatted string contianing information about two roleplay events.</returns>
        </member>
        <member name="T:FFXIVRPCalendarPlugin.Models.RPEvent">
            <summary>
            Represents a data transfer object containing information about a specific RP Event.
            </summary>
        </member>
        <member name="P:FFXIVRPCalendarPlugin.Models.RPEvent.Datacenter">
            <summary>
            Gets or sets the Data Center name.
            </summary>
        </member>
        <member name="P:FFXIVRPCalendarPlugin.Models.RPEvent.Server">
            <summary>
            Gets or sets the Server name.
            </summary>
        </member>
        <member name="P:FFXIVRPCalendarPlugin.Models.RPEvent.ServerId">
            <summary>
            Gets or sets the Server Identifier.
            </summary>
        </member>
        <member name="P:FFXIVRPCalendarPlugin.Models.RPEvent.UId">
            <summary>
            Gets or sets the Calendar Event Identifier.
            </summary>
        </member>
        <member name="P:FFXIVRPCalendarPlugin.Models.RPEvent.EventName">
            <summary>
            Gets or sets the Event Name.
            </summary>
        </member>
        <member name="P:FFXIVRPCalendarPlugin.Models.RPEvent.Location">
            <summary>
            Gets or sets the Location.
            </summary>
        </member>
        <member name="P:FFXIVRPCalendarPlugin.Models.RPEvent.EventURL">
            <summary>
            Gets or sets the Event URL.
            </summary>
        </member>
        <member name="P:FFXIVRPCalendarPlugin.Models.RPEvent.ESRBRating">
            <summary>
            Gets or sets the ESRB Rating Name.
            </summary>
        </member>
        <member name="P:FFXIVRPCalendarPlugin.Models.RPEvent.Description">
            <summary>
            Gets or sets the Event Description.
            </summary>
        </member>
        <member name="P:FFXIVRPCalendarPlugin.Models.RPEvent.ShortDescription">
            <summary>
            Gets or sets the Event Short Description. This does not include segement information that populates other fields.
            </summary>
        </member>
        <member name="P:FFXIVRPCalendarPlugin.Models.RPEvent.EventCategory">
            <summary>
            Gets or sets the Event Category Name.
            </summary>
        </member>
        <member name="P:FFXIVRPCalendarPlugin.Models.RPEvent.Contacts">
            <summary>
            Gets or sets the Contact Information.
            </summary>
        </member>
        <member name="P:FFXIVRPCalendarPlugin.Models.RPEvent.StartTimeUTC">
            <summary>
            Gets or sets the UTC start time.
            </summary>
        </member>
        <member name="P:FFXIVRPCalendarPlugin.Models.RPEvent.EndTimeUTC">
            <summary>
            Gets or sets the UTC end time.
            </summary>
        </member>
        <member name="P:FFXIVRPCalendarPlugin.Models.RPEvent.IsRecurring">
            <summary>
            Gets or sets a value indicating whether the event is recurring.
            </summary>
        </member>
        <member name="P:FFXIVRPCalendarPlugin.Models.RPEvent.LastValidated">
            <summary>
            Gets or sets the last date the event was validated.
            </summary>
        </member>
        <member name="P:FFXIVRPCalendarPlugin.Models.RPEvent.IsRealGilEvent">
            <summary>
            Gets or sets a value indicating whether the event uses real gil.
            </summary>
        </member>
        <member name="P:FFXIVRPCalendarPlugin.Models.RPEvent.LocalStartTime">
            <summary>
            Gets or sets the user local start time of the event.
            </summary>
        </member>
        <member name="P:FFXIVRPCalendarPlugin.Models.RPEvent.LocalEndTime">
            <summary>
            Gets or sets the user local end time of the event.
            </summary>
        </member>
        <member name="T:FFXIVRPCalendarPlugin.Models.WorldDCRegion">
            <summary>
            Represents a World DC DataCenter.
            </summary>
        </member>
        <member name="F:FFXIVRPCalendarPlugin.Models.WorldDCRegion.NonPublic">
            <summary>
            Any of the Non-Public Data Centers.
            </summary>
        </member>
        <member name="F:FFXIVRPCalendarPlugin.Models.WorldDCRegion.Japanese">
            <summary>
            The Japanese physical datacenter.
            </summary>
        </member>
        <member name="F:FFXIVRPCalendarPlugin.Models.WorldDCRegion.NorthAmerica">
            <summary>
            The North American physical data center.
            </summary>
        </member>
        <member name="F:FFXIVRPCalendarPlugin.Models.WorldDCRegion.European">
            <summary>
            The European physical data center.
            </summary>
        </member>
        <member name="F:FFXIVRPCalendarPlugin.Models.WorldDCRegion.Oceanian">
            <summary>
            The Oceanian physical data center.
            </summary>
        </member>
        <member name="T:FFXIVRPCalendarPlugin.Plugin">
            <summary>
            The FFXIV RP Event Calendar Dalamud Plugin.
            </summary>
        </member>
        <member name="M:FFXIVRPCalendarPlugin.Plugin.#ctor(Dalamud.Plugin.IDalamudPluginInterface)">
            <summary>
            Initializes a new instance of the <see cref="T:FFXIVRPCalendarPlugin.Plugin"/> class.
            </summary>
            <param name="pluginInterface">The Dalamud plugin interface.</param>
        </member>
        <member name="P:FFXIVRPCalendarPlugin.Plugin.ClientState">
            <summary>
            Gets the FFXIV client state.
            </summary>
        </member>
        <member name="P:FFXIVRPCalendarPlugin.Plugin.DataManager">
            <summary>
            Gets the Dalamud Data Manger.
            </summary>
        </member>
        <member name="P:FFXIVRPCalendarPlugin.Plugin.CommandManager">
            <summary>
            Gets the Dalamud Command Manager.
            </summary>
        </member>
        <member name="P:FFXIVRPCalendarPlugin.Plugin.ChatGui">
            <summary>
            Gets the FFXIV Chat Gui.
            </summary>
        </member>
        <member name="P:FFXIVRPCalendarPlugin.Plugin.PluginLog">
            <summary>
            Gets the Dalamud Plugin Log.
            </summary>
        </member>
        <member name="P:FFXIVRPCalendarPlugin.Plugin.Name">
            <summary>
            Gets the provided name of the plugin.
            </summary>
        </member>
        <member name="M:FFXIVRPCalendarPlugin.Plugin.Dispose">
            <summary>
            Dispose of the Plugin class.
            </summary>
        </member>
        <member name="T:FFXIVRPCalendarPlugin.Services.CalendarService">
            <summary>
            Provides access to various configuration functions and data.
            </summary>
        </member>
        <member name="M:FFXIVRPCalendarPlugin.Services.CalendarService.LastError">
            <summary>
            Gets the last error encountered when trying to receive information from the event calendar API.
            </summary>
            <returns>A string containing the last error encountered.</returns>
        </member>
        <member name="M:FFXIVRPCalendarPlugin.Services.CalendarService.EventCategories(FFXIVRPCalendarPlugin.Models.Configuration)">
            <summary>
            Gets a list of Event Categories from the API indicated in the system configuration.
            </summary>
            <param name="configuration">The <see cref="T:FFXIVRPCalendarPlugin.Models.Configuration"/> containing API information.</param>
            <returns>A list of <see cref="T:FFXIVRPCalendarPlugin.Models.EventCategoryInfo"/> for filtering purposes.</returns>
            <exception cref="T:System.Exception">Will throw an exception if the httpClient call fails.</exception>
        </member>
        <member name="M:FFXIVRPCalendarPlugin.Services.CalendarService.ESRBRatings(FFXIVRPCalendarPlugin.Models.Configuration)">
            <summary>
            Gets a list of ESRB ratings from the API indicated in the system configuration.
            </summary>
            <param name="configuration">The <see cref="T:FFXIVRPCalendarPlugin.Models.Configuration"/> containing API information.</param>
            <returns>A list of <see cref="T:FFXIVRPCalendarPlugin.Models.ESRBRatingInfo"/> for filtering purposes.</returns>
            <exception cref="T:System.Exception">Will throw an exception if the httpClient call fails.</exception>
        </member>
        <member name="M:FFXIVRPCalendarPlugin.Services.CalendarService.GetEvents(FFXIVRPCalendarPlugin.Models.Configuration,System.Boolean)">
            <summary>
            Gets a listing of RP events for the current week with padding for filtering.
            </summary>
            <param name="configuration">The <see cref="T:FFXIVRPCalendarPlugin.Models.Configuration"/> containing API information.</param>
            <param name="forceRefresh">A value indicating whether to force a refresh of the event cache.</param>
            <returns>A list of <see cref="T:FFXIVRPCalendarPlugin.Models.RPEvent"/>. for the current day.</returns>
        </member>
        <member name="T:FFXIVRPCalendarPlugin.Services.EventsService">
            <summary>
            A service handing event list building and filtering.
            </summary>
        </member>
        <member name="M:FFXIVRPCalendarPlugin.Services.EventsService.#ctor(FFXIVRPCalendarPlugin.Models.Configuration)">
            <summary>
            Initializes a new instance of the <see cref="T:FFXIVRPCalendarPlugin.Services.EventsService"/> class.
            </summary>
            <param name="configuration">The plugin configuration.</param>
        </member>
        <member name="M:FFXIVRPCalendarPlugin.Services.EventsService.Finalize">
            <summary>
            Finalizes an instance of the <see cref="T:FFXIVRPCalendarPlugin.Services.EventsService"/> class.
            </summary>
        </member>
        <member name="P:FFXIVRPCalendarPlugin.Services.EventsService.LastRefreshLocalTime">
            <summary>
            Gets the user local time for the last time the calendar cache was updated.
            </summary>
        </member>
        <member name="P:FFXIVRPCalendarPlugin.Services.EventsService.ServerEvents">
            <summary>
            Gets the filtered list of roleplay events for the current server.
            </summary>
        </member>
        <member name="P:FFXIVRPCalendarPlugin.Services.EventsService.DatacenterEvents">
            <summary>
            Gets the filtered list of roleplay events for the current datacenter.
            </summary>
        </member>
        <member name="P:FFXIVRPCalendarPlugin.Services.EventsService.RegionEvents">
            <summary>
            Gets the filtered list of roleplay events for the current physical region.
            </summary>
        </member>
        <member name="P:FFXIVRPCalendarPlugin.Services.EventsService.FilteredEvents">
            <summary>
            Gets a list of all roleplay events filtered by date range and filter options.
            </summary>
        </member>
        <member name="M:FFXIVRPCalendarPlugin.Services.EventsService.RefreshEvents(System.Boolean)">
            <summary>
            Refresh the event list.
            </summary>
            <param name="forceRefresh">A flag indicating if the cache values should be ignored and a refresh done even if within the normal timeout interval.</param>
        </member>
        <member name="M:FFXIVRPCalendarPlugin.Services.EventsService.FilterEvents">
            <summary>
            Updates the filtered events lists based on configuration options.
            </summary>
        </member>
        <member name="M:FFXIVRPCalendarPlugin.Services.EventsService.Dispose">
            <summary>
            Dispose of the <see cref="T:FFXIVRPCalendarPlugin.Services.EventsService"/> class.
            </summary>
        </member>
        <member name="M:FFXIVRPCalendarPlugin.Services.EventsService.Dispose(System.Boolean)">
            <summary>
            Dispose of the <see cref="T:FFXIVRPCalendarPlugin.Services.EventsService"/> class.
            </summary>
            <param name="disposing">A value indicating whether the Dispose call has been called directly instead of from the finalizer.</param>
        </member>
        <member name="T:FFXIVRPCalendarPlugin.Services.WorldService">
            <summary>
            Provides world and data center information.
            </summary>
        </member>
        <member name="P:FFXIVRPCalendarPlugin.Services.WorldService.Worlds">
            <summary>
            Gets a dictionary of World information.
            </summary>
        </member>
        <member name="P:FFXIVRPCalendarPlugin.Services.WorldService.WorldList">
            <summary>
            Gets a list of World infromation.
            </summary>
        </member>
        <member name="P:FFXIVRPCalendarPlugin.Services.WorldService.Datacenters">
            <summary>
            Gets a dictionary of Datacenter information.
            </summary>
        </member>
        <member name="M:FFXIVRPCalendarPlugin.Services.WorldService.GetDatacenterWorldIds(System.UInt32)">
            <summary>
            Gets an array of world (server) identifiers for a given datacenter.
            </summary>
            <param name="datacenterId">The datacenter identifier.</param>
            <returns>An array of world identificers for the provided datacenter.</returns>
        </member>
        <member name="M:FFXIVRPCalendarPlugin.Services.WorldService.GetRegionDatacenterIds(System.Byte)">
            <summary>
            Gets an array of datacenter identifiers for a given phsyical datacenter region.
            </summary>
            <param name="regionId">The region identifier.</param>
            <returns>An array of datacenter identifiers for the provided region.</returns>
        </member>
        <member name="M:FFXIVRPCalendarPlugin.Services.WorldService.GetRegionWorldIds(System.Byte)">
            <summary>
            Gets an array of world identifiers for a given physical datacenter region.
            </summary>
            <param name="regionId">The region identifier.</param>
            <returns>An array of world identifiers for the privded datacenter region.</returns>
        </member>
        <member name="T:FFXIVRPCalendarPlugin.UI.DebugUI">
            <summary>
            The RP Calendar debugging UI.
            </summary>
        </member>
        <member name="M:FFXIVRPCalendarPlugin.UI.DebugUI.#ctor">
            <summary>
            Initializes a new instance of the <see cref="T:FFXIVRPCalendarPlugin.UI.DebugUI"/> class.
            </summary>
        </member>
        <member name="P:FFXIVRPCalendarPlugin.UI.DebugUI.Visible">
            <summary>
            Gets or sets a value indicating whether the Debug UI is visible.
            </summary>
        </member>
        <member name="M:FFXIVRPCalendarPlugin.UI.DebugUI.Draw">
            <summary>
            Draw the Debug UI.
            </summary>
        </member>
        <member name="M:FFXIVRPCalendarPlugin.UI.DebugUI.Dispose">
            <summary>
            Dispose of the <see cref="T:FFXIVRPCalendarPlugin.UI.DebugUI"/> class.
            </summary>
        </member>
        <member name="M:FFXIVRPCalendarPlugin.UI.DebugUI.Dispose(System.Boolean)">
            <summary>
            Dispose of the <see cref="T:FFXIVRPCalendarPlugin.UI.DebugUI"/> class.
            </summary>
            <param name="disposing">A value indicating whether the Dispose call has been called directly instead of from the finalizer.</param>
        </member>
        <member name="T:FFXIVRPCalendarPlugin.UI.ImGuiUtilities">
            <summary>
            A collection of common ImGui functions.
            </summary>
        </member>
        <member name="M:FFXIVRPCalendarPlugin.UI.ImGuiUtilities.BuildToolTip(System.String)">
            <summary>
            Build a tooltip as the next item in an ImGui interface.
            </summary>
            <param name="description">The tooltip description.</param>
        </member>
        <member name="M:FFXIVRPCalendarPlugin.UI.ImGuiUtilities.GetTooltipSize">
            <summary>
            Get the size of the tooltip mouseover indicator.
            </summary>
            <returns>A float indicating the size of the tooltip.</returns>
        </member>
        <member name="M:FFXIVRPCalendarPlugin.UI.ImGuiUtilities.OpenBrowser(System.String)">
            <summary>
            Open a browser window to the provided URL.
            </summary>
            <param name="url">The URL to open.</param>
        </member>
        <member name="M:FFXIVRPCalendarPlugin.UI.ImGuiUtilities.CalcWidgetChildFrameVector2(System.Single,System.Single)">
            <summary>
            Calculate vector of widgets.
            </summary>
            <param name="width1">The first width value.</param>
            <param name="width2">The second width value.</param>
            <returns>A new Vector2.</returns>
        </member>
        <member name="M:FFXIVRPCalendarPlugin.UI.ImGuiUtilities.SortTime(System.DateTime,System.DateTime)">
            <summary>
            Sort column by time.
            </summary>
            <param name="timeA">The first time value.</param>
            <param name="timeB">The Second time value.</param>
            <returns>A sorted comparison.</returns>
        </member>
        <member name="T:FFXIVRPCalendarPlugin.UI.PluginUI">
            <summary>
            The primary plugin UI.
            </summary>
        </member>
        <member name="M:FFXIVRPCalendarPlugin.UI.PluginUI.#ctor(FFXIVRPCalendarPlugin.Models.Configuration)">
            <summary>
            Initializes a new instance of the <see cref="T:FFXIVRPCalendarPlugin.UI.PluginUI"/> class.
            </summary>
            <param name="configuration">The Dalamud configuration.</param>
        </member>
        <member name="M:FFXIVRPCalendarPlugin.UI.PluginUI.Finalize">
            <summary>
            Finalizes an instance of the <see cref="T:FFXIVRPCalendarPlugin.UI.PluginUI"/> class.
            </summary>
        </member>
        <member name="P:FFXIVRPCalendarPlugin.UI.PluginUI.Name">
            <summary>
            Gets the name of the plugin UI window.
            </summary>
        </member>
        <member name="P:FFXIVRPCalendarPlugin.UI.PluginUI.Visible">
            <summary>
            Gets or sets a value indicating whether the PluginUI is visible.
            </summary>
        </member>
        <member name="P:FFXIVRPCalendarPlugin.UI.PluginUI.DebugVisible">
            <summary>
            Gets or sets a value indicating whether the DebugUI is visible.
            </summary>
        </member>
        <member name="P:FFXIVRPCalendarPlugin.UI.PluginUI.TextBuffer">
            <summary>
            Gets or sets value of chars array for InputText.
            </summary>
        </member>
        <member name="M:FFXIVRPCalendarPlugin.UI.PluginUI.SearchEvents(System.Collections.Generic.List{FFXIVRPCalendarPlugin.Models.RPEvent},System.String)">
            <summary>
            Returns given event list filtered by searchFilter string.
            </summary>
            <param name="events"> Given time frame from configuration.</param>
            <param name="searchFilter"> Given search filter.</param>
            <returns> The given event list filtered by event name.</returns>
        </member>
        <member name="M:FFXIVRPCalendarPlugin.UI.PluginUI.Dispose">
            <summary>
            Dispose of the <see cref="T:FFXIVRPCalendarPlugin.UI.PluginUI"/> class.
            </summary>
        </member>
        <member name="M:FFXIVRPCalendarPlugin.UI.PluginUI.Draw">
            <summary>
            Draw the PluginUI.
            </summary>
        </member>
        <member name="M:FFXIVRPCalendarPlugin.UI.PluginUI.Dispose(System.Boolean)">
            <summary>
            Dispose of the <see cref="T:FFXIVRPCalendarPlugin.UI.PluginUI"/> class.
            </summary>
            <param name="disposing">A value indicating whether the Dispose call has been called directly instead of from the finalizer.</param>
        </member>
    </members>
</doc>
