{
  "Author": "MidoriKami, cas-c",
  "Name": "Where am I again?",
  "InternalName": "WhereAmIAgain",
  "AssemblyVersion": "2.1.1.4",
  "Description": "Shows what zone/region/territory you are in up in the corner next to the server and time info. Open config with /waia.",
  "ApplicableVersion": "any",
  "RepoUrl": "https://github.com/cas-c/WhereAmIAgain",
  "Tags": [
    "Area",
    "Info",
    "Location",
    "Overlay",
    "UI",
    "Zone"
  ],
  "CategoryTags": [
    "UI"
  ],
  "DalamudApiLevel": 13,
  "LoadRequiredState": 0,
  "LoadSync": false,
  "CanUnloadAsync": false,
  "LoadPriority": 0,
  "Punchline": "Shows what zone/region/territory you are in next to the server info.",
  "AcceptsFeedback": false
}