{
  "Author": "Cair",
  "Name": "Redirect",
  "InternalName": "Redirect",
  "AssemblyVersion": "1.2.5.0",
  "Description": "Easily change the targeting priority for spells and abilities. Queue macros and ground-targeted actions! Type /redirect to configure.",
  "ApplicableVersion": "any",
  "RepoUrl": "https://github.com/cairthenn/Redirect",
  "Tags": [
    "jobs",
    "utility"
  ],
  "DalamudApiLevel": 12,
  "LoadRequiredState": 0,
  "LoadSync": false,
  "CanUnloadAsync": false,
  "LoadPriority": 0,
  "Punchline": "Simple mouseover and ground-targeting action integration",
  "AcceptsFeedback": true
}