{
  "Author": "Violet Stardust",
  "Name": "XivGearExport",
  "InternalName": "XivGearExport",
  "AssemblyVersion": "1.3.0.0",
  "Description": "A plugin that allows easy export of your gearsets to xivgear.app in edit or view mode. Also includes the ability to export your gearsets from the gearset list.\n\nUse /xivgearexport or /xge to export your current gear set.",
  "ApplicableVersion": "any",
  "RepoUrl": "https://github.com/VioletStardustXIV/XivGearExport",
  "Tags": [
    "gear",
    "xivgear.app",
    "xivgear",
    "best in slot",
    "prog",
    "materia",
    "bis"
  ],
  "DalamudApiLevel": 12,
  "LoadRequiredState": 0,
  "LoadSync": false,
  "CanUnloadAsync": false,
  "LoadPriority": 0,
  "IconUrl": "https://raw.githubusercontent.com/VioletStardustXIV/XivGearExport/refs/heads/main/images/icon.png",
  "Punchline": "A simple utility that allows easy export of your gearsets to xivgear.app.",
  "AcceptsFeedback": true
}