{
  "Author": "kij",
  "Name": "ChatCoordinates",
  "InternalName": "ChatCoordinates",
  "AssemblyVersion": "2.1.2.2",
  "Description": "Places flag marker on map from coordinates in chat.\nOpens map with given coordinates for current or given zone.\nSee \"/coord\" for configuration and usage info.",
  "ApplicableVersion": "any",
  "RepoUrl": "https://github.com/kissorjeyabalan/dalamud-chatcoordinates",
  "DalamudApiLevel": 8,
  "LoadRequiredState": 0,
  "LoadSync": false,
  "LoadPriority": 0,
  "Punchline": "Places flag marker on map from coordinates in chat.",
  "AcceptsFeedback": true
}