{
  "Author": "justscribe",
  "Name": "G4E UkrChatSupport",
  "InternalName": "G4EUkrChatSupport",
  "AssemblyVersion": "1.0.0.34",
  "Description": "Support for ukrainian characters in text chat and input field.",
  "ApplicableVersion": "any",
  "RepoUrl": "https://github.com/justscribe/g4e_ukrchatsupport",
  "Tags": [
    "chat",
    "ukr",
    "g4e",
    "UI"
  ],
  "CategoryTags": [
    "Utility",
    "UI"
  ],
  "DalamudApiLevel": 9,
  "LoadRequiredState": 0,
  "LoadSync": false,
  "CanUnloadAsync": false,
  "LoadPriority": 0,
  "Punchline": "Support for ukrainian characters.",
  "AcceptsFeedback": true
}