{
  "Author": "Aida Enna",
  "Name": "Random Class Selector",
  "InternalName": "RandomClassSelector",
  "AssemblyVersion": "1.0.0.4",
  "Description": "Allows you to select a random class to do dailies/etc on.",
  "ApplicableVersion": "any",
  "RepoUrl": "https://github.com/Aida-Enna/RandomClassSelector",
  "Tags": [
    "random",
    "class",
    "aida"
  ],
  "DalamudApiLevel": 12,
  "LoadRequiredState": 0,
  "LoadSync": false,
  "CanUnloadAsync": false,
  "LoadPriority": 0,
  "IconUrl": "https://i.imgur.com/DGAUU2e.png",
  "Punchline": "Can't decide what class to work on today? Let the plugin decide for you!",
  "AcceptsFeedback": true
}