{
  "Author": "Tischel",
  "Name": "DelvCD",
  "InternalName": "DelvCD",
  "AssemblyVersion": "1.2.0.1",
  "Description": "DelvCD provides highly customizable UI elements that can be used to track cooldows, status and more with configurable conditions.",
  "ApplicableVersion": "any",
  "RepoUrl": "https://github.com/DelvUI/DelvCD",
  "Tags": [
    "UI"
  ],
  "DalamudApiLevel": 11,
  "LoadRequiredState": 0,
  "LoadSync": false,
  "CanUnloadAsync": false,
  "LoadPriority": 0,
  "Punchline": "Customizable UI elements to track cooldowns, status and more.",
  "AcceptsFeedback": true
}