{
  "Author": "Speedas",
  "Name": "Emote log",
  "InternalName": "EmoteLog",
  "AssemblyVersion": "1.1.5.0",
  "Description": "Adds a window logging all emotes used on you, so you never miss a sneaky dote again.",
  "ApplicableVersion": "any",
  "RepoUrl": "https://github.com/RokasKil/EmoteLog",
  "Tags": [
    "UI",
    "social",
    "emote",
    "log"
  ],
  "CategoryTags": [
    "social"
  ],
  "DalamudApiLevel": 13,
  "LoadRequiredState": 0,
  "LoadSync": false,
  "CanUnloadAsync": false,
  "LoadPriority": 0,
  "Punchline": "Track who used what emotes on you.",
  "AcceptsFeedback": true
}