<?xml version="1.0"?>
<doc>
    <assembly>
        <name>Pilz.Dalamud</name>
    </assembly>
    <members>
        <member name="M:Pilz.Dalamud.Extensions.Remove(Dalamud.Game.Text.SeStringHandling.SeString,Dalamud.Game.Text.SeStringHandling.Payload)">
            <summary>
            Removes a Payload from a given SeString.
            Using <code>SeString.Payloads.Remove()</code> does not use the reference to compare for some reason. Tis is a workaround.
            </summary>
            <param name="seString"></param>
            <param name="payload"></param>
        </member>
        <member name="M:Pilz.Dalamud.Extensions.Remove(System.Collections.Generic.List{Dalamud.Game.Text.SeStringHandling.Payload},Dalamud.Game.Text.SeStringHandling.Payload)">
            <summary>
            Removes a Payload from a given list.
            Using <code>List.Remove()</code> does not use the reference to compare for some reason. Tis is a workaround.
            </summary>
            <param name="seString"></param>
            <param name="payload"></param>
        </member>
        <member name="E:Pilz.Dalamud.Nameplates.NameplateHooks.AddonNamePlate_SetPlayerName">
            <summary>
            Will be executed when the the Game wants to update the content of a nameplate with the details of the Player.
            </summary>
        </member>
        <member name="E:Pilz.Dalamud.Nameplates.NameplateHooks.AddonNamePlate_SetPlayerNameManaged">
            <summary>
            Will be executed when the the Game wants to update the content of a nameplate with the details of the Player.
            This will event acts on a higher level with SeString instead of IntPtr e.g.
            </summary>
        </member>
        <member name="P:Pilz.Dalamud.Nameplates.NameplateHooks.IsValid">
            <summary>
            Defines if all hooks are enabled. If this is false, then there might be something wrong or the class already has been disposed.
            </summary>
        </member>
        <member name="M:Pilz.Dalamud.Nameplates.NameplateHooks.#ctor">
            <summary>
            Create a new instance of NAmeplateHooks and automatically initialize and enable all Hooks.
            </summary>
        </member>
        <member name="M:Pilz.Dalamud.Nameplates.NameplateHooks.Initialize">
            <summary>
            Initialize and enable all Hooks.
            </summary>
        </member>
        <member name="M:Pilz.Dalamud.Nameplates.NameplateHooks.Unhook">
            <summary>
            Disable all Hooks.
            </summary>
        </member>
        <member name="P:Pilz.Dalamud.Nameplates.NameplateManager.Hooks">
            <summary>
            Provides events that you can hook to.
            </summary>
        </member>
        <member name="P:Pilz.Dalamud.Nameplates.NameplateManager.IsValid">
            <summary>
            Defines if all hooks are enabled and the NameplateManager is ready to go. If this is false, then there might be something wrong or something already has been disposed.
            </summary>
        </member>
        <member name="M:Pilz.Dalamud.Nameplates.NameplateManager.#ctor">
            <summary>
            Creates a new instance of the NameplateManager.
            </summary>
        </member>
        <member name="M:Pilz.Dalamud.Nameplates.Tools.NameplateChanges.GetProps(Pilz.Dalamud.Nameplates.Tools.NameplateElements)">
            <summary>
            Gets the properties with the changes of an element of your choice where you can add your payloads to a change and setup some options.
            </summary>
            <param name="element">The position of your choice.</param>
            <returns></returns>
        </member>
        <member name="M:Pilz.Dalamud.Nameplates.Tools.NameplateChanges.GetChanges(Pilz.Dalamud.Nameplates.Tools.NameplateElements)">
            <summary>
            Gets the changes of an element of your choice where you can add your payloads to a change.
            </summary>
            <param name="element">The position of your choice.</param>
            <returns></returns>
        </member>
        <member name="M:Pilz.Dalamud.Nameplates.Tools.NameplateChanges.GetChange(Pilz.Dalamud.Nameplates.Tools.NameplateElements,Pilz.Dalamud.Tools.Strings.StringPosition)">
            <summary>
            Gets a change of the position of the element of your choice where you can add your payloads.
            </summary>
            <param name="element">The position of your choice.</param>
            <returns></returns>
        </member>
        <member name="P:Pilz.Dalamud.Nameplates.Tools.NameplateChangesProps.Changes">
            <summary>
            All the changes to the nameplate that should be made.
            </summary>
        </member>
        <member name="M:Pilz.Dalamud.Nameplates.Tools.StatusIconPriorizer.IsPriorityIcon(System.Int32,Pilz.Dalamud.ActivityContexts.ActivityContext)">
            <summary>
            Check for an icon that should take priority over the job icon,
            taking into account whether or not the player is in a duty.
            </summary>
            <param name="iconId">The incoming icon id that is being overwritten by the plugin.</param>
            <param name="priorityIconId">The icon id that should be used.</param>
            <returns>Whether a priority icon was found.</returns>
        </member>
        <member name="P:Pilz.Dalamud.Tools.Strings.StringChange.Payloads">
            <summary>
            The payloads to use for inserting/replacing.
            </summary>
        </member>
        <member name="P:Pilz.Dalamud.Tools.Strings.StringChange.ForceUsingSingleAnchorPayload">
            <summary>
            Defines if only one anchor payload should be used, if using anchor payloads.
            With this true the single anchor payload will be used in StringUpdateFactory instead of the anchor payload list.
            Not needed to be true for the most cases.
            </summary>
        </member>
        <member name="M:Pilz.Dalamud.Tools.Strings.StringChanges.GetChange(Pilz.Dalamud.Tools.Strings.StringPosition)">
            <summary>
            Gets a change of the position of your choice where you can add your payloads.
            </summary>
            <param name="position">The position of your choice.</param>
            <returns></returns>
        </member>
        <member name="M:Pilz.Dalamud.Tools.Strings.StringChanges.Any">
            <summary>
            Checks if there is any string change listed.
            </summary>
            <returns></returns>
        </member>
        <member name="P:Pilz.Dalamud.Tools.Strings.StringChangesProps.Destination">
            <summary>
            The string where the changes should be applied.
            </summary>
        </member>
        <member name="P:Pilz.Dalamud.Tools.Strings.StringChangesProps.StringChanges">
            <summary>
            The changes that should be applied to the destination.
            </summary>
        </member>
        <member name="P:Pilz.Dalamud.Tools.Strings.StringChangesProps.AnchorPayloads">
            <summary>
            Payloads to use as anchor where the changes should be applied to.
            </summary>
        </member>
        <member name="P:Pilz.Dalamud.Tools.Strings.StringChangesProps.AnchorPayload">
            <summary>
            A single payload to use as anchor where the changes should be applied to.
            This property will only be used if StringChange.ForceSingleAnchorPayload is true.
            </summary>
        </member>
    </members>
</doc>
