{
  "Author": "Haplo064, maintained by Franz",
  "Name": "WOLdo",
  "InternalName": "WheresWOLdo",
  "AssemblyVersion": "1.3.5.0",
  "Description": "Movable text overlay of the current location name.",
  "ApplicableVersion": "any",
  "RepoUrl": "https://github.com/reiichi001/WheresWOLdo",
  "Tags": [
    "Location",
    "UI",
    "Overlay"
  ],
  "CategoryTags": [
    "UI"
  ],
  "DalamudApiLevel": 8,
  "LoadRequiredState": 0,
  "LoadSync": false,
  "LoadPriority": 0,
  "Punchline": "Making it easier to know where you are.",
  "AcceptsFeedback": true
}