{
  "Author": "Tischel",
  "Name": "NOTED",
  "InternalName": "NOTED",
  "AssemblyVersion": "1.2.2.0",
  "Description": "Lets you create notes that are linked to specific duties (they will only show during those duties).\nYou can also tie notes to certain jobs so they only appear when on the right job.",
  "ApplicableVersion": "any",
  "RepoUrl": "https://github.com/Tischel/NOTED",
  "Tags": [
    "UI"
  ],
  "DalamudApiLevel": 9,
  "LoadRequiredState": 0,
  "LoadSync": false,
  "CanUnloadAsync": false,
  "LoadPriority": 0,
  "Punchline": "Duty-specific notes!",
  "Changelog": "1.2.2.0\n\n- Added a \"No Duty\" entry. Notes added to this section will be shown while outside of duties.\n- Duties are now filled automatically when creating a new note while being inside a duty.\n- Added context menu to the notes list to Export or Delete with Right Click.\n- Added context menu to the duty list to Delete all notes for a duty with Right Click.",
  "AcceptsFeedback": true
}