{
  "Author": "Infi, VariableVixen",
  "Name": "StackSellPrice",
  "InternalName": "StackSellPrice",
  "AssemblyVersion": "4.4.1.0",
  "Description": "Shows the vendor sell price for the full stack of an item on the tooltip",
  "ApplicableVersion": "any",
  "RepoUrl": "https://github.com/Infiziert90/StackSellPrice",
  "DalamudApiLevel": 11,
  "LoadRequiredState": 0,
  "LoadSync": false,
  "CanUnloadAsync": false,
  "LoadPriority": 0,
  "Punchline": "Because multiplication is hard.",
  "AcceptsFeedback": true
}