{
  "Author": "VariableVixen",
  "Name": "StackSellPrice",
  "InternalName": "StackSellPrice",
  "AssemblyVersion": "2.0.0.29416",
  "Description": "Shows the vendor sell price for the full stack of an item on the tooltip",
  "ApplicableVersion": "any",
  "RepoUrl": "https://github.com/PrincessRTFM/StackSellPrice",
  "DalamudApiLevel": 7,
  "LoadPriority": 0,
  "IconUrl": "https://raw.githubusercontent.com/goatcorp/DalamudPlugins/master/plugins/StackSellPrice/images/icon.png",
  "Punchline": "Because multiplication is hard."
}