{
  "Author": "VariableVixen",
  "Name": "StackSellPrice",
  "InternalName": "StackSellPrice",
  "AssemblyVersion": "4.2.0",
  "Description": "Shows the vendor sell price for the full stack of an item on the tooltip",
  "ApplicableVersion": "any",
  "RepoUrl": "https://github.com/PrincessRTFM/StackSellPrice",
  "DalamudApiLevel": 9,
  "LoadRequiredState": 0,
  "LoadSync": false,
  "CanUnloadAsync": false,
  "LoadPriority": 0,
  "IconUrl": "https://raw.githubusercontent.com/goatcorp/DalamudPlugins/master/plugins/StackSellPrice/images/icon.png",
  "Punchline": "Because multiplication is hard.",
  "AcceptsFeedback": true
}