{
  "Author": "ascclemens",
  "Name": "Sound Filter",
  "InternalName": "SoundFilter",
  "AssemblyVersion": "1.4.9.0",
  "Description": "Filters any sound or set of sounds from the game.\n\n- Remove a battle sound effect you don't like\n- Remove specific emote sounds\n- Remove specific background music\n\nIcons: filter by Kirby Wu from the Noun Project\nand Sound by Gregor Cresnar from the Noun Project",
  "ApplicableVersion": "any",
  "RepoUrl": "https://git.annaclemens.io/ascclemens/SoundFilter",
  "DalamudApiLevel": 7,
  "LoadPriority": 0,
  "Punchline": "Filter any game sound."
}