{
  "Author": "MidoriKami",
  "Name": "No Tank You",
  "InternalName": "NoTankYou",
  "AssemblyVersion": "5.1.3.2",
  "Description": "Displays warnings when you or any party members are missing role specific actions such as partner buffs, pets, and tank stances.\n\n/nty help → Display all available commands",
  "ApplicableVersion": "any",
  "RepoUrl": "https://github.com/MidoriKami/NoTankYou",
  "Tags": [
    "utility"
  ],
  "CategoryTags": [
    "Utility",
    "UI"
  ],
  "DalamudApiLevel": 8,
  "LoadRequiredState": 0,
  "LoadSync": false,
  "LoadPriority": 0,
  "Punchline": "Warns you when yourself or others are missing role-specific actions",
  "AcceptsFeedback": false
}