{
  "Author": "ascclemens",
  "Name": "Better Party Finder",
  "InternalName": "BetterPartyFinder",
  "AssemblyVersion": "1.2.8.2",
  "Description": "更好地过滤队员招募\n提供所有普通的过滤功能，此外：\n- 创建过滤器预设方便切换\n- 特定任务和类别的白名单/黑名单\n- 添加想要隐藏招募的关键字\n- 删除高于最高品级的招募\n- 按品级范围筛选\n- 过滤多个职业和插槽（例如机工 + 绝枪可加入）",
  "ApplicableVersion": "any",
  "DalamudApiLevel": 9,
  "LoadRequiredState": 0,
  "LoadSync": false,
  "CanUnloadAsync": false,
  "LoadPriority": 0,
  "IconUrl": "https://raw.githubusercontent.com/NiGuangOwO/BetterPartyFinder/main/icon.png",
  "Punchline": "使用高级队员招募过滤器预设。",
  "Changelog": "API9 + .NET 8",
  "AcceptsFeedback": true
}