{
  "Author": "ascclemens",
  "Name": "Better Party Finder",
  "InternalName": "BetterPartyFinder",
  "AssemblyVersion": "1.2.8.1",
  "Description": "更好地过滤队员招募\n提供所有普通的过滤功能，此外：\n- 创建过滤器预设方便切换\n- 特定任务和类别的白名单/黑名单\n- 添加想要隐藏招募的关键字\n- 删除高于最高品级的招募\n- 按品级范围筛选\n- 过滤多个职业和插槽（例如机工 + 绝枪可加入）",
  "ApplicableVersion": "any",
  "DalamudApiLevel": 8,
  "LoadRequiredState": 0,
  "LoadSync": false,
  "CanUnloadAsync": false,
  "LoadPriority": 0,
  "IconUrl": "https://raw.githubusercontent.com/NiGuangOwO/BetterPartyFinder/main/icon.png",
  "Punchline": "使用高级队员招募过滤器预设。",
  "Changelog": "- 新增职业限制，用于过滤掉队伍中已存在某些职业的招募\n- 新增招募留言过滤，仅显示包含已添加关键词的招募\n- 新增招募留言屏蔽，添加屏蔽词来屏蔽例如“装甲车”等无用招募 (@Fragile)",
  "AcceptsFeedback": true
}