{
  "Author": "JayceOfSpades",
  "Name": "Mini-Mappingway",
  "InternalName": "MiniMappingway",
  "AssemblyVersion": "1.0.0.3",
  "Description": "A plugin to show your friends and FC members on the minimap. Customise the markers and toggle whether you want to see friends, FC members, or both, in the settings! Icon by @Miendoodle on twitter. Thanks nya for the idea!",
  "ApplicableVersion": "any",
  "RepoUrl": "https://github.com/jaycewhite/MiniMappingway",
  "Tags": [
    "friends",
    "minimap",
    "find",
    "Free Company",
    "FC",
    "mmway"
  ],
  "DalamudApiLevel": 8,
  "LoadRequiredState": 0,
  "LoadSync": false,
  "LoadPriority": 0,
  "Punchline": "A plugin to show your friends and FC members on the minimap",
  "AcceptsFeedback": true
}