{
  "Author": "veyn, sourpuh",
  "Name": "Better borderless window mode",
  "InternalName": "borderless-fix",
  "AssemblyVersion": "0.0.0.7",
  "Description": "Borderless window can now be properly minimized (by clicking on taskbar or by win+down shortcut); when moved between monitors (win+shift+left/right), resolution is updated automatically.",
  "ApplicableVersion": "any",
  "DalamudApiLevel": 13,
  "LoadRequiredState": 0,
  "LoadSync": false,
  "CanUnloadAsync": false,
  "LoadPriority": 0,
  "Punchline": "Make borderless window mode work well with aero shortcuts",
  "AcceptsFeedback": true
}