Collection,ItemId,SourceId,SourceDescription
Bardings,6995,861,Leaving a Good Impression IV
Bardings,8571,1020,Breaking Bo
Bardings,15129,1512,Ride to the Challenge I
Minions,6201,929,Out of Sight Out of Mind
Minions,6989,859,Leaving a Good Impression II
Minions,9352,1040,Out of a Bind I
Minions,13280,1382,A Load of Verminion II
Minions,13281,1385,The Road of Verminion I
Minions,13282,1380,Challenge Accepted
Minions,17533,1749,Mama Said Knock You Out III
Minions,17534,1754,How Can I Help III
Minions,30089,2523,Gathering in the Air
Minions,30097,2560,No More Fish in the Sea I
Minions,30100,2522,Crafting in the Air
Minions,33690,2888,"Mine, Mine, Mine"
Minions,33692,2889,Double-backwards Somersault
Minions,40370,3265,"Near, Far, Wherever Fish Are II"
Mount,6993,862,Everybody's Darling
Mount,7848,921,But Somebody's Gotta Do It (Paladin)
Mount,7848,919,Paladin
Mount,7849,924,But Somebody's Gotta Do It (Warrior)
Mount,8209,939,A Line in the Storm IV
Mount,8210,945,A Line in the Glade IV
Mount,8211,951,A Line in the Sand IV
Mount,9353,1036,Leaving a Better Impression II
Mount,10081,1132,Behind Enemy Lines I
Mount,12074,1195,But Somebody's Gotta Do It (Dark Knight)
Mount,12074,1193,Dark Knight
Mount,14089,1444,Blood Born IV
Mount,15433,1604,I Hope Mentor Will Notice Me VI
Mount,15932,1563,In a Blaze of Glory V
Mount,16566,1772,Frontline Fury
Mount,16567,1773,Furious Fatalities
Mount,20552,1955,"Tank You, Paladin III"
Mount,20552,919,Paladin
Mount,20553,1958,"Tank You, Warrior III"
Mount,20554,1961,"Tank You, Dark Knight III"
Mount,20554,1193,Dark Knight
Mount,20557,1922,You Got Game
Mount,20557,1917,Bring Your A Game V
Mount,20557,1920,Bring Your S Game V
Mount,21053,1939,Die Another Day III
Mount,23124,2065,Front and Center V
Mount,24626,2227,We're on Your Side I
Mount,24629,2391,"Tank You, Gunbreaker II"
Mount,24629,2390,Gunbreaker
Mount,24631,2232,Out of Hiding
Mount,26780,2356,Nuts for Nutsy
Mount,26780,2352,Shadowbring Your A Game III
Mount,26780,2355,Shadowbring Your S Game III
Mount,27967,2277,A Life of Adventure IV
Mount,27967,2275,Mastering War IV
Mount,27967,2276,Mastering Magic IV
Mount,27971,2392,"Tank You, Gunbreaker III"
Mount,27971,2390,Gunbreaker
Mount,28116,2476,True Blue
Mount,28116,2474,Blue Unchained
Mount,28116,2475,Masked Conqueror
Mount,28120,2481,One Steppe at a Time V
Mount,30104,2526,Castle in the Sky
Mount,30106,2561,No More Fish in the Sea II
Mount,30864,2617,"More Inventory Slots, Please II"
Mount,32840,2765,Savage Queen of Swords I
Mount,36004,3000,Endgame Hunter
Mount,36004,2996,Take Your A Game Further III
Mount,36004,2999,Take Your S Game Further III
Mount,38462,3153,Dig Deep: The Sil'dihn Subterrane
Mount,40387,3337,Mononopeke
Mount,41495,3347,Good-willed Hunting
Triple Triad,9846,1104,Triple Team II
Triple Triad,9849,1113,Kumite Kumite Kumite
Triple Triad,9850,1109,Wheel of Fortune V
Triple Triad,12266,1372,Triple-decker IV
Triple Triad,12277,1373,Triple Team III
Triple Triad,14209,1488,Triple-decker V
Triple Triad,16768,1631,Triple-decker VI
Triple Triad,16769,1632,Triple Team V
Triple Triad,20256,1908,Triple-decker VII
Triple Triad,20257,1909,Triple Team VI
Triple Triad,23053,2078,Triple-decker VIII
Triple Triad,26774,2368,Triple-decker IX
Triple Triad,26777,2369,Triple Team VII
Triple Triad,31347,2643,Triple-decker X
Triple Triad,33025,2799,Open and Shut I
Triple Triad,36281,3021,Triple Team VIII
Triple Triad,36284,3020,Triple-decker XI
Triple Triad,39376,3209,Triple-decker XII
