<?xml version="1.0"?>
<doc>
    <assembly>
        <name>SimpleMarketBoard</name>
    </assembly>
    <members>
        <member name="T:SimpleMarketBoard.API.MarketDataCurrent">
            <summary>
            A model representing a market data response from Universalis.
            </summary>
        </member>
        <member name="P:SimpleMarketBoard.API.MarketDataCurrent.ItemId">
            <summary>
            Gets or sets the ID of the item.
            </summary>
        </member>
        <member name="P:SimpleMarketBoard.API.MarketDataCurrent.LastUploadTime">
            <summary>
            Gets or sets the last upload time.
            </summary>
        </member>
        <member name="P:SimpleMarketBoard.API.MarketDataCurrent.Listings">
            <summary>
            Gets or sets the listings.
            </summary>
        </member>
        <member name="P:SimpleMarketBoard.API.MarketDataCurrent.Entries">
            <summary>
            Gets or sets the recent history.
            </summary>
        </member>
        <member name="P:SimpleMarketBoard.API.MarketDataCurrent.DcName">
            <summary>
            Gets or sets the name of the datacenter.
            </summary>
        </member>
        <member name="P:SimpleMarketBoard.API.MarketDataCurrent.Velocity">
            <summary>
            Gets or sets the sale velocity.
            </summary>
        </member>
        <member name="P:SimpleMarketBoard.API.MarketDataCurrent.VelocityNq">
            <summary>
            Gets or sets the sale velocity of the NQ items.
            </summary>
        </member>
        <member name="P:SimpleMarketBoard.API.MarketDataCurrent.VelocityHq">
            <summary>
            Gets or sets the sale velocity of the HQ items.
            </summary>
        </member>
        <member name="P:SimpleMarketBoard.API.MarketDataCurrent.AveragePrice">
            <summary>
            Gets or sets the average price.
            </summary>
        </member>
        <member name="P:SimpleMarketBoard.API.MarketDataCurrent.AveragePriceNq">
            <summary>
            Gets or sets the average price of the NQ items.
            </summary>
        </member>
        <member name="P:SimpleMarketBoard.API.MarketDataCurrent.AveragePriceHq">
            <summary>
            Gets or sets the average price of the HQ items.
            </summary>
        </member>
        <member name="P:SimpleMarketBoard.API.MarketDataCurrent.StackSizeHistogram">
            <summary>
            Gets the stack size histogram.
            </summary>
        </member>
        <member name="P:SimpleMarketBoard.API.MarketDataCurrent.StackSizeHistogramNq">
            <summary>
            Gets the stack size histogram of the NQ items.
            </summary>
        </member>
        <member name="P:SimpleMarketBoard.API.MarketDataCurrent.StackSizeHistogramHq">
            <summary>
            Gets the stack size histogram of the HQ items.
            </summary>
        </member>
        <member name="P:SimpleMarketBoard.API.MarketDataCurrent.WorldName">
            <summary>
            Gets or sets the name of the world.
            </summary>
        </member>
        <member name="P:SimpleMarketBoard.API.MarketDataCurrent.WorldUploadTimes">
            <summary>
            (cross-world query only) Gets the last upload times for each world.
            </summary>
        </member>
        <member name="P:SimpleMarketBoard.API.MarketDataCurrent.UnitsForSale">
            <summary>
            Gets the total amount of items currently for sale.
            </summary>
        </member>
        <member name="T:SimpleMarketBoard.API.MarketDataEntry">
            <summary>
            A model representing a market data recent history from Universalis.
            </summary>
        </member>
        <member name="P:SimpleMarketBoard.API.MarketDataEntry.Hq">
            <summary>
            Gets or sets a value indicating whether the items are HQ.
            </summary>
        </member>
        <member name="P:SimpleMarketBoard.API.MarketDataEntry.PricePerUnit">
            <summary>
            Gets or sets the price per unit.
            </summary>
        </member>
        <member name="P:SimpleMarketBoard.API.MarketDataEntry.Quantity">
            <summary>
            Gets or sets the quantity.
            </summary>
        </member>
        <member name="P:SimpleMarketBoard.API.MarketDataEntry.BuyerName">
            <summary>
            Gets or sets the name of the buyer.
            </summary>
        </member>
        <member name="P:SimpleMarketBoard.API.MarketDataEntry.Timestamp">
            <summary>
            Gets or sets the timestamp.
            </summary>
        </member>
        <member name="P:SimpleMarketBoard.API.MarketDataEntry.WorldName">
            <summary>
            Gets or sets the name of the world.
            </summary>
        </member>
        <member name="P:SimpleMarketBoard.API.MarketDataEntry.WorldID">
            <summary>
            Gets or sets the ID of the world.
            </summary>
        </member>
        <member name="T:SimpleMarketBoard.API.MarketDataHistory">
            <summary>
            A model representing a market data recent history from Universalis.
            </summary>
        </member>
        <member name="P:SimpleMarketBoard.API.MarketDataHistory.ItemId">
            <summary>
            Gets or sets the ID of the item.
            </summary>
        </member>
        <member name="P:SimpleMarketBoard.API.MarketDataHistory.WorldID">
            <summary>
            Gets or sets the ID of the world.
            </summary>
        </member>
        <member name="P:SimpleMarketBoard.API.MarketDataHistory.LastUploadTime">
            <summary>
            Gets or sets the last upload time.
            </summary>
        </member>
        <member name="P:SimpleMarketBoard.API.MarketDataHistory.Entries">
            <summary>
            Gets or sets the recent history.
            </summary>
        </member>
        <member name="P:SimpleMarketBoard.API.MarketDataHistory.WorldName">
            <summary>
            Gets or sets the name of the world.
            </summary>
        </member>
        <member name="P:SimpleMarketBoard.API.MarketDataHistory.DcName">
            <summary>
            Gets or sets the name of the datacenter.
            </summary>
        </member>
        <member name="P:SimpleMarketBoard.API.MarketDataHistory.StackSizeHistogram">
            <summary>
            Gets the stack size histogram.
            </summary>
        </member>
        <member name="P:SimpleMarketBoard.API.MarketDataHistory.StackSizeHistogramNq">
            <summary>
            Gets the stack size histogram of the NQ items.
            </summary>
        </member>
        <member name="P:SimpleMarketBoard.API.MarketDataHistory.StackSizeHistogramHq">
            <summary>
            Gets the stack size histogram of the HQ items.
            </summary>
        </member>
        <member name="P:SimpleMarketBoard.API.MarketDataHistory.Velocity">
            <summary>
            Gets or sets the sale velocity.
            </summary>
        </member>
        <member name="P:SimpleMarketBoard.API.MarketDataHistory.VelocityNq">
            <summary>
            Gets or sets the sale velocity of the NQ items.
            </summary>
        </member>
        <member name="P:SimpleMarketBoard.API.MarketDataHistory.VelocityHq">
            <summary>
            Gets or sets the sale velocity of the HQ items.
            </summary>
        </member>
        <member name="T:SimpleMarketBoard.API.MarketDataListing">
            <summary>
            A model representing a market data listing from Universalis.
            </summary>
        </member>
        <member name="P:SimpleMarketBoard.API.MarketDataListing.LastReviewTime">
            <summary>
            Gets or sets the last review time.
            </summary>
        </member>
        <member name="P:SimpleMarketBoard.API.MarketDataListing.PricePerUnit">
            <summary>
            Gets or sets the price per unit.
            </summary>
        </member>
        <member name="P:SimpleMarketBoard.API.MarketDataListing.Quantity">
            <summary>
            Gets or sets the quantity.
            </summary>
        </member>
        <member name="P:SimpleMarketBoard.API.MarketDataListing.WorldName">
            <summary>
            (cross-world listings only) Gets or sets the name of the world.
            </summary>
        </member>
        <member name="P:SimpleMarketBoard.API.MarketDataListing.WorldID">
            <summary>
            (cross-world listings only) Gets or sets the ID of the world.
            </summary>
        </member>
        <member name="P:SimpleMarketBoard.API.MarketDataListing.Hq">
            <summary>
            Gets or sets a value indicating whether the items are HQ.
            </summary>
        </member>
        <member name="P:SimpleMarketBoard.API.MarketDataListing.IsCrafted">
            <summary>
            Gets or sets a value indicating whether the items are crafted.
            </summary>
        </member>
        <member name="P:SimpleMarketBoard.API.MarketDataListing.Materia">
            <summary>
            Gets or sets the list of the materias.
            </summary>
        </member>
        <member name="P:SimpleMarketBoard.API.MarketDataListing.OnMannequin">
            <summary>
            Gets or sets a value indicating whether the item is on a mannequin.
            </summary>
        </member>
        <member name="P:SimpleMarketBoard.API.MarketDataListing.RetainerName">
            <summary>
            Gets or sets the retainer's name.
            </summary>
        </member>
        <member name="P:SimpleMarketBoard.API.MarketDataListing.Tax">
            <summary>
            Gets or sets the Gil sales tax (GST) to be added to the total price during purchase.
            </summary>
        </member>
        <member name="T:SimpleMarketBoard.API.UniversalisResponse">
            <summary>
            A model representing a market data response from Universalis.
            </summary>
        </member>
        <member name="P:SimpleMarketBoard.API.UniversalisResponse.ItemId">
            <summary>
            Gets or sets the ID of the item.
            </summary>
        </member>
        <member name="P:SimpleMarketBoard.API.UniversalisResponse.IsCrossWorld">
            <summary>
            If this is a cross-world query.
            </summary>
        </member>
        <member name="P:SimpleMarketBoard.API.UniversalisResponse.WorldOutOfDate">
            <summary>
            An edited entry to get how many hours have passed since last update for each world.
            </summary>
        </member>
        <member name="P:SimpleMarketBoard.API.UniversalisResponse.UnitsForSale">
            <summary>
            Gets the total amount of items currently for sale.
            </summary>
        </member>
        <member name="P:SimpleMarketBoard.API.UniversalisResponse.AveragePrice">
            <summary>
            Gets or sets the average price.
            </summary>
        </member>
        <member name="P:SimpleMarketBoard.API.UniversalisResponse.AveragePriceNq">
            <summary>
            Gets or sets the average price of the NQ items.
            </summary>
        </member>
        <member name="P:SimpleMarketBoard.API.UniversalisResponse.AveragePriceHq">
            <summary>
            Gets or sets the average price of the HQ items.
            </summary>
        </member>
        <member name="P:SimpleMarketBoard.API.UniversalisResponse.Velocity">
            <summary>
            Gets or sets the sale velocity.
            </summary>
        </member>
        <member name="P:SimpleMarketBoard.API.UniversalisResponse.VelocityNq">
            <summary>
            Gets or sets the sale velocity of the NQ items.
            </summary>
        </member>
        <member name="P:SimpleMarketBoard.API.UniversalisResponse.VelocityHq">
            <summary>
            Gets or sets the sale velocity of the HQ items.
            </summary>
        </member>
        <member name="P:SimpleMarketBoard.API.UniversalisResponse.Listings">
            <summary>
            Gets or sets the listings.
            </summary>
        </member>
        <member name="P:SimpleMarketBoard.API.UniversalisResponse.Entries">
            <summary>
            Gets or sets the recent history.
            </summary>
        </member>
    </members>
</doc>
