{
  "Author": "Bluefissure",
  "Name": "MapLinker",
  "InternalName": "MapLinker",
  "AssemblyVersion": "1.1.7.4",
  "Description": "Automatically record the maplinks in chat and retrieval later.",
  "ApplicableVersion": "any",
  "RepoUrl": "https://github.com/Bluefissure/MapLinker",
  "DalamudApiLevel": 9,
  "LoadRequiredState": 0,
  "LoadSync": false,
  "CanUnloadAsync": false,
  "LoadPriority": 0,
  "IconUrl": "https://raw.githubusercontent.com/Bluefissure/MapLinker/master/images/icon.png",
  "Punchline": "Record the maplinks in chat",
  "AcceptsFeedback": true
}