{
  "Author": "Kouzukii",
  "Name": "Death Recap",
  "InternalName": "DeathRecap",
  "AssemblyVersion": "1.13.0.0",
  "Description": "Quickly figure out what killed you or your party members!\n\nShows:\n- Healing\n- Damage taken\n- Debuffs\n- Buffs\n- Barriers\n- Addle, Feint, Reprisal on damage source",
  "ApplicableVersion": "any",
  "RepoUrl": "https://github.com/Kouzukii/ffxiv-deathrecap",
  "Tags": [
    "death",
    "recap",
    "log"
  ],
  "CategoryTags": [
    "utility"
  ],
  "DalamudApiLevel": 11,
  "LoadRequiredState": 0,
  "LoadSync": false,
  "CanUnloadAsync": false,
  "LoadPriority": 0,
  "Punchline": "Quickly figure out what killed you or your party members!",
  "AcceptsFeedback": true
}