{
  "Author": "Lharz",
  "Name": "CurrencyAlert",
  "InternalName": "CurrencyAlert",
  "AssemblyVersion": "0.5.0.1",
  "Description": "This plugin lets you easily manage your various currencies to prevent from wasting precious resources.",
  "ApplicableVersion": "any",
  "RepoUrl": "https://github.com/Lharz/xiv-currency-alert",
  "Tags": [
    "Currency",
    "Tomestones",
    "Utility",
    "Other"
  ],
  "CategoryTags": [
    "Utility",
    "Other",
    "UI"
  ],
  "DalamudApiLevel": 8,
  "LoadRequiredState": 0,
  "LoadSync": false,
  "LoadPriority": 0,
  "Punchline": "Display alerts upon reaching configurable currencies thresholds (such as Poetics or PVP marks).",
  "AcceptsFeedback": true
}