{
  "Actions": "Acciones",
  "AddEncounters": "Añadir encuentros ",
  "AddPlayer": "Añadir Jugador",
  "AddPlayerInstructions": "Añadir jugador manualmente a tu lista.",
  "AddPlayers": "Añadir jugadores",
  "Ago": "hace",
  "Alerts": "Alertas",
  "AllPlayers": "Todos los jugadores",
  "Appearance": "Apariencia",
  "AssignPlayerCategory": "Asignar categoría",
  "Automatic": "Automático",
  "BackupErrorMessage": "Algo salió mal. Reinicia tu ordenador e inténtalo de nuevo.",
  "Backups": "Copias de seguridad",
  "Banned": "Baneado",
  "BlackList": "Lista Negra",
  "BlackList_Abbreviation": "LN",
  "Blocked": "Bloqueados",
  "Byte": "B",
  "CWLS": "CWLS",
  "Cancel": "Cancelar",
  "Cancelled": "Cancelados",
  "Categories": "Categorías",
  "CategoryName": "Nombre de la categoría",
  "CategorySpecificSetting": "Heredado de la categoría {0}",
  "ClosePlayer": "Cerrar jugador",
  "CombineWindows": "Combinar ventanas",
  "ConfirmDelete": "¿Borrar?",
  "ConfirmUnsync": "Esto eliminará la categoría seleccionada. ¿OK?",
  "Confirmation": "Confirmación",
  "ConfirmationQuestion": "¿Seguro que quieres continuar?",
  "Contains": "Contiene",
  "Content": "Contenido",
  "ContextMenu": "Menú Contextual",
  "Contribute": "Contribuir",
  "ContributionUsage": "Gran parte de las contribuciones se destinará a cubrir los costes del servidor y el café.",
  "CopyToClipboard": "Copiar al Portapapeles",
  "Created": "Creado",
  "CrossWorldLinkShell": "Cross-world Linkshell",
  "CrossWorldLinkShell_Abbreviation": "CWLS",
  "CrowdinProject": "He configurado un proyecto en Crowdin para cualquier interesado.",
  "CurrentPlayers": "Jugadores actuales",
  "CustomTitle": "Título personalizado",
  "Data": "Datos",
  "Day": "d",
  "DefaultCategory": "Categoría por defecto",
  "DefaultSetting": "Heredado de los valores predeterminados del jugador",
  "Delete": "Eliminar",
  "DeleteEncounters": "Eliminar encuentros",
  "DeleteHistory": "Eliminar Historial",
  "DeletePlayerSettings": "Borrar ajustes del jugador ",
  "DeletePlayers": "Eliminar jugadores",
  "DeleteRecordsInProgress": "Borrando registros ahora...",
  "DeleteRecordsSuccess": "Registros borrados con éxito.",
  "DiscordRoleInfo": "Unirse al Discord y activar el rol \"Translator\" para saber más.",
  "Display": "Visualizar",
  "DonationsAppreciated": "Las donaciones son siempre apreciadas pero nunca obligatorias.",
  "DuplicatePlayerError": "El jugador ya existe.",
  "Duration": "Duración",
  "Encounters": "Encuentros",
  "Exact": "Exacto",
  "Execute": "Ejecutar",
  "FL/BL/FC": "LA/LN/FC",
  "Failed": "Fallido",
  "FirstSeen": "Visto por primera vez",
  "FocusTargetPlayer": "Jugador en Focus Target",
  "ForDevelopersTitle": "Para Desarrolladores",
  "ForEveryoneTitle": "Para Todos",
  "ForTranslatorsTitle": "Para Traductores",
  "FreeCompany": "Free Company",
  "FreeCompany_Abbreviation": "FC",
  "FriendList": "Lista de Amigos",
  "FriendList_Abbreviation": "LA",
  "FromNow": "desde ahora",
  "General": "General",
  "Gigabyte": "GB",
  "HelpWithTranslation": "Puedes ayudar enviando o corrigiendo traducciones para PlayerTrack.",
  "HighEndContent": "Contenido High-End",
  "Homeworld": "Mundo principal",
  "Hour": "h",
  "Icon": "Icono",
  "Icons": "Iconos",
  "Inherit": "Heredar",
  "Integrations": "Integraciones",
  "InvalidNameError": "Por favor, introduzca un nombre válido.",
  "Job": "Job",
  "KeepEncounters": "Mantener Encuentros",
  "KeepEncountersFromLast90Days": "de los últimos 90 días",
  "KeepEncountersInHighEndContent": "En contenido High-End",
  "KeepEncountersInNormalContent": "en contenido normal",
  "KeepEncountersInOverworld": "en mundo abierto",
  "KeepPlayerSettings": "Mantener ajustes para jugadores",
  "KeepPlayers": "Mantener jugadores",
  "KeepPlayersSeenInLast90Days": "visto en los últimos 90 días",
  "KeepPlayersWithAnySettings": "con cualquier configuración",
  "KeepPlayersWithCategories": "con categorías",
  "KeepPlayersWithEncounters": "con encuentros",
  "KeepPlayersWithNotes": "con notas",
  "KeepSettingsForPlayersSeenInLast90Days": "visto en los últimos 90 días",
  "KeepSettingsForPlayersWithAnySettings": "con cualquier configuración",
  "KeepSettingsForPlayersWithCategories": "con categorías",
  "KeepSettingsForPlayersWithEncounters": "con encuentros",
  "KeepSettingsForPlayersWithNotes": "con notas",
  "Kilobyte": "KB",
  "LS": "LS",
  "LargeFeatureDiscussion": "If you're considering a larger feature, please reach out beforehand to discuss.",
  "LastLocation": "Última Ubicación",
  "LastSeen": "Visto por última vez",
  "LastUpdated": "Última actualización",
  "LastUpdatedNever": "Nunca",
  "Level": "Nvl",
  "LinkShell": "Linkshell",
  "LinkShell_Abbreviation": "LS",
  "LocalPlayers": "Tus Personajes",
  "Location": "Ubicación",
  "Locations": "Ubicaciones",
  "LockWindowPosition": "Bloquear posición de la ventana",
  "LockWindowSize": "Bloquear tamaño de ventana",
  "Lodestone": "Lodestone",
  "LodestoneLocale": "Locales de Lodestone",
  "Manual": "Manual",
  "Megabyte": "MB",
  "Merge": "Fusionar",
  "MergePlayers": "Fusionar jugadores",
  "MergePlayersDupe": "No puedes fusionar un jugador consigo mismo.",
  "MergePlayersInstructions": "Seleccione los jugadores para fusionar. Esto copiará las notas, los encuentros y el historial.",
  "Minute": "m",
  "Name": "Nombre",
  "NameChangeAlert": "Alerta de cambio de nombre",
  "NameColor": "Color del Nombre",
  "Nameplate": "Placa de Nombre",
  "NameplateColor": "Color de placa de nombre",
  "NameplateColors": "Color de placa de nombre",
  "NameplateConditions": "Condiciones de la placa de nombre",
  "NameplateTitle": "Título de la placa de nombre",
  "NameplateUseColor": "Usar color de placa de nombre",
  "NameplateUseColorIfDead": "Usar color de placa de nombre si se está muerto",
  "NewCategoryHint": "Crear una nueva categoría",
  "NewTagHint": "Crear una nueva etiqueta",
  "No": "No",
  "NoBackupsMessage": "No se encontraron copias de seguridad.",
  "NoChange": "Sin cambios",
  "NoEncountersMessage": "No se encontraron encuentros.",
  "NoIconsEnabledMessage": "No hay iconos habilitados.",
  "NoLocalPlayers": "No se encontraron personajes.",
  "NoPlayersFound": "No se encontraron jugadores.",
  "NoRecordsToDelete": "No hay registros para eliminar.",
  "NoSpecialPerks": "No hay beneficios especiales por donar más que mi gratitud.",
  "NoWorldError": "Por favor introduzca un mundo.",
  "None": "Ninguno",
  "NotApplicable": "N/A",
  "NotAvailable": "N/D",
  "Notes": "Notas",
  "Now": "Ahora",
  "NumberOfRecordsToBeDeleted": "Registros a eliminar: {0}/{1} ({2}%%)",
  "OK": "Aceptar",
  "OnlyShowEnabledIcons": "Mostrar sólo iconos habilitados",
  "OnlyShowLoggedIn": "Mostrar sólo con inicio de sesión",
  "OpenForDevHelp": "La ayuda con el desarrollo siempre es bienvenida.",
  "OpenLodestone": "Abrir Lodestone",
  "OpenPlayer": "Abrir Jugador",
  "OpenPlayerPlate": "Abrir placa de jugador",
  "OpenPlayerTrack": "Abrir PlayerTrack",
  "OpenSettings": "Abrir ajustes",
  "Override": "Sobrescribir",
  "Overworld": "Mundo Abierto",
  "PitchInIntro": "¿Buscando como contribuir? Aquí tienes un par de formas en las que puedes ayudar.",
  "Player": "Jugador",
  "PlayerAddedSuccessfully": "Jugadores añadidos correctamente",
  "PlayerDefaults": "Opciones predeterminadas del jugador",
  "PlayerInfo": "Información del jugador",
  "PlayerList": "Lista de Jugadores",
  "PlayerName": "Nombre del jugador",
  "PlayerStats": "Estadísticas del jugador",
  "PlayerSummary": "Resumen del jugador",
  "PlayerWorld": "Mundo del Jugador",
  "Players": "Jugadores",
  "PlayersByCategory": "Jugadores por categoría",
  "PlayersByTag": "Jugadores por Etiquetas",
  "PreserveConfigState": "Conservar el estado de la ventana de configuración en la próxima carga",
  "PreserveMainWindowState": "Conservar el estado de la ventana principal en la próxima carga",
  "PreviouslyKnownAs": "Anteriormente conocido como {0}",
  "PreviouslyOn": "Anteriormente en {0}",
  "ProximityAlert": "Alerta de proximidad",
  "ProximityAlertMessage": "está cerca.",
  "Purge": "Purga",
  "RecentPlayers": "Jugadores Recientes ",
  "RecentPlayersThreshold": "Límite de Jugadores Recientes (en minutos)",
  "ReplaceGameTitleWithCategoryName": "Reemplazar el título del juego con el nombre de categoría",
  "ReplaceGameTitleWithCustomTitle": "Reemplazar el título del juego con el título personalizado",
  "ReportFindings": "Puedes reportar cualquier hallazgo a través de comentarios, Discord, o GitHub.",
  "Reset": "Reiniciar",
  "ResetCategoryTooltip": "Resetear el nombre de la categoría a {0}",
  "ResetLodestone": "Resetear Lodestone",
  "ResetPlayers": "Restablecer Jugadores",
  "ReviewGitHub": "Review the GitHub issues for any bugs or features you want to work on.",
  "RunAction": "Ejecutar acción",
  "RunBackup": "Ejecutar copia de seguridad",
  "RunBackupBeforeDataActions": "Ejecutar copia de seguridad antes",
  "RunBackupCleanup": "Limpiar copias de seguridad",
  "SQLExecutor": "Ejecutador SQL",
  "SQLExecutorRestriction": "Sólo se permiten declaraciones PRAGMA y SELECT.",
  "SearchIconsHint": "buscar iconos",
  "SearchPlayersHint": "Buscar jugadores",
  "SearchPlayersInputHint": "Empezar a escribir...",
  "SearchType": "Buscar tipo",
  "SeenCount": "Contador de encuentros",
  "SelectCategory": "Seleccionar Categoría",
  "SelectPlayerToDelete": "Seleccionar jugador a eliminar",
  "SelectPlayerToUpdate": "Seleccionar jugador a actualizar",
  "Settings": "Configuración",
  "ShowCategories": "Mostrar Categorías",
  "ShowCategorySeparator": "Mostrar Separador de Categoría",
  "ShowHidePlayerTrack": "Mostrar / Ocultar PlayerTrack",
  "ShowHidePlayerTrackConfig": "Mostrar / Ocultar ajustes de PlayerTrack",
  "ShowInContent": "Mostrar en contenido",
  "ShowInHighEndContent": "Mostrar en contenido High-End",
  "ShowInOverworld": "Mostrar en mundo abierto",
  "ShowOpenLodestone": "Mostrar Abrir Lodestone",
  "ShowOpenPlayerTracker": "Mostrar Abrir PlayerTrack",
  "ShowPlayerFilter": "Mostrar filtro de jugador",
  "ShowSearchBox": "Mostrar cuadro de búsqueda",
  "ShowTags": "Mostrar las etiquetas",
  "SignUpTest": "Aplica para los lanzamientos de prueba para ayudar a encontrar errores antes del lanzamiento oficial.",
  "Size": "Tamaño",
  "SocialListAddPlayersHelpText": "Esto añadirá jugadores de tus listas sociales a PlayerTrack. Con esta opción desmarcada solo se actualizarán los jugadores que ya se encuentran en tu lista.",
  "SocialListDefaultCategoryHelpText": "Asignar una categoría de tu elección cuando se añada un nuevo jugador a una lista social. El jugador no será eliminado automáticamente de la categoría si se va de la lista social.",
  "SocialListSyncCategoryHelpText": "Mantener las listas automáticamente sincronizadas con una categoría. Estas categorías son especiales y no se pueden añadir/eliminar manualmente.",
  "SocialListWarning": "Actualizar Listas Sociales en momentos específicos. Todas las listas se actualizarán al abrir sus respectivas ventanas. Además, la Lista de Amigos y la Lista Negra se actualizarán al acceder al juego. Para Free Companies grandes asegúrate de abrir y cargar completamente las tres páginas en la parte inferior derecha para actualizar la lista.",
  "SocialLists": "Listas sociales",
  "StableExperience": "Esto ayuda a asegurar una experiencia estable para todos.",
  "StartsWith": "Empieza Por",
  "Status": "Estado",
  "SupportFurtherTitle": "¿Quieres proporcionar apoyo adicional?",
  "SyncWithCategory": "Sincronizar con Categoría Dinámica ",
  "SyncWithVisibility": "Sincronizar con visibilidad",
  "Tags": "Etiquetas",
  "TargetPlayer": "Marcar jugador",
  "Terabyte": "TB",
  "Time": "Hora",
  "Type": "Tipo",
  "UnassignCategoryTooltip": "haz clic para eliminar la categoría de este jugador",
  "UnassignDynamicCategoryTooltip": "Esta es una categoría dinámica y no puede ser manualmente desasignada.",
  "Unavailable": "No disponible",
  "Unknown": "Desconocido",
  "Unverified": "Sin verificar",
  "Upgrade": "Actualizar",
  "Verified": "Verificado",
  "Visibility": "Visibilidad",
  "VisibilityType": "Tipo de Visibilidad",
  "Voidlist": "Lista de vacío",
  "WarningZone": "Advertencia: Esta es la zona de peligro. ¡Estas acciones no se pueden deshacer!",
  "Whitelist": "Lista blanca",
  "Window": "Ventana",
  "WorldTransferAlert": "Alerta de Transferencia de Mundo",
  "Yes": "Sí"
}