{
  "Author": "Anna",
  "Name": "Text Box Styler",
  "InternalName": "TextBoxStyler",
  "AssemblyVersion": "1.1.7.0",
  "Description": "Allows replacing every text box with the background of your choice.",
  "ApplicableVersion": "any",
  "RepoUrl": "https://git.anna.lgbt/anna/TextBoxStyler",
  "DalamudApiLevel": 8,
  "LoadRequiredState": 0,
  "LoadSync": false,
  "CanUnloadAsync": false,
  "LoadPriority": 0,
  "Punchline": "Allows replacing every text box with the background of your choice.",
  "AcceptsFeedback": true
}