{
  "Author": "LittleNighmare",
  "Name": "Used Name",
  "InternalName": "UsedName",
  "AssemblyVersion": "0.8.2.1",
  "Description": "A simple tool to record players' used names and nickname, only supports SocialList currently. Right click on the target to add/check the used names and nickname.\n",
  "ApplicableVersion": "any",
  "RepoUrl": "https://github.com/LittleNightmare/UsedName",
  "Tags": [
    "social"
  ],
  "DalamudApiLevel": 8,
  "LoadRequiredState": 0,
  "LoadSync": false,
  "CanUnloadAsync": false,
  "LoadPriority": 0,
  "Punchline": "A simple tool to record players' used names and nickname",
  "AcceptsFeedback": true
}