{
  "Author": "Ottermandias",
  "Name": "Accountant",
  "InternalName": "Accountant",
  "AssemblyVersion": "1.3.5.0",
  "Description": "Keep track of retainer, airship, submersible, aetherial wheel and crop timers\nas well as several miscallaneous tasks of multiple characters.",
  "ApplicableVersion": "any",
  "RepoUrl": "https://github.com/Ottermandias/Accountant",
  "Tags": [
    "Airship",
    "Gardening",
    "Crops",
    "Retainer",
    "Multiple Characters",
    "Account",
    "Timer",
    "Submarine",
    "Submersible",
    "Tasks",
    "Cactpot"
  ],
  "DalamudApiLevel": 7,
  "LoadRequiredState": 0,
  "LoadSync": false,
  "LoadPriority": 0,
  "Punchline": "Character task timers.",
  "AcceptsFeedback": true
}