{
  "Author": "PunishedPineapple",
  "Name": "Say What?",
  "InternalName": "WhatDidYouSay",
  "AssemblyVersion": "1.0.2.5",
  "Description": "Prints NPC speech bubbles to the chat log.  Please check the plugin settings and your chat log filters to make sure that they are compatible with each other.",
  "ApplicableVersion": "any",
  "RepoUrl": "https://github.com/PunishedPineapple/WhatDidYouSay",
  "Tags": [
    "Chat",
    "NPC"
  ],
  "DalamudApiLevel": 11,
  "LoadRequiredState": 0,
  "LoadSync": false,
  "CanUnloadAsync": false,
  "LoadPriority": 0,
  "ImageUrls": [
    "https://github.com/PunishedPineapple/WhatDidYouSay/raw/main/docs/Images/image1.png",
    "https://github.com/PunishedPineapple/WhatDidYouSay/raw/main/docs/Images/image2.png"
  ],
  "IconUrl": "https://github.com/PunishedPineapple/WhatDidYouSay/raw/main/docs/Images/icon.png",
  "Punchline": "Persistent NPC Flavor Text",
  "AcceptsFeedback": true
}