{
  "Author": "Berna",
  "Name": "Hit it, Joe! (Formerly TF2-ish Critical Hits Plugin)",
  "InternalName": "Tf2CriticalHitsPlugin",
  "AssemblyVersion": "3.4.1.0",
  "Description": "* Set sounds and flavor text to be played/shown whenever you deal direct or critical damage or heal.\n* Set sounds to be played when a countdown is in progress.\n* Use different configurations by job.\n* Use the game's SFX or your own custom WAV or MP3 files.",
  "ApplicableVersion": "any",
  "RepoUrl": "https://github.com/Berna-L/ffxiv-tf2-crit-plugin",
  "Tags": [
    "plugin",
    "audio"
  ],
  "DalamudApiLevel": 9,
  "LoadRequiredState": 0,
  "LoadSync": false,
  "CanUnloadAsync": false,
  "LoadPriority": 0,
  "IconUrl": "https://raw.githubusercontent.com/goatcorp/DalamudPluginsD17/main/testing/live/Tf2CriticalHitsPlugin/images/icon.png",
  "Punchline": "Configure sounds for critical and direct hits, plus some countdown music.",
  "AcceptsFeedback": true
}