{
  "Author": "Glyceri",
  "Name": "Acquisition Date",
  "InternalName": "AcquisitionDate",
  "AssemblyVersion": "1.0.0.1",
  "Description": "Shows the date when you acquired:\n- Achievements\n- Quests\n- Duties\n- Levels\n- Fish\n- Sightseeing Log Entries\n- Glasses\n- Minions\n- Mounts\n- Orchestrion Rolls\n- Fashion Accessories\nAnd More!",
  "ApplicableVersion": "any",
  "RepoUrl": "https://github.com/Glyceri/AcquisitionDate",
  "Tags": [
    "date",
    "acquired",
    "unlocked",
    "achievements",
    "quests",
    "duties",
    "level",
    "fish",
    "sightseeing log",
    "glasses",
    "minion",
    "mount",
    "orchestrion",
    "fashion"
  ],
  "DalamudApiLevel": 12,
  "LoadRequiredState": 0,
  "LoadSync": false,
  "CanUnloadAsync": false,
  "LoadPriority": 0,
  "IconUrl": "https://github.com/Glyceri/AcquisitionDate/raw/main/icon.png",
  "Punchline": "Shows the date when you acquired something.",
  "AcceptsFeedback": true
}