{
  "Author": "ocealot",
  "Name": "EasyEyes",
  "InternalName": "EasyEyes",
  "AssemblyVersion": "1.3.0.1",
  "Description": "A plugin which can hide any VFX. Icon by PAPACHIN",
  "ApplicableVersion": "any",
  "RepoUrl": "https://github.com/0ceal0t/EasyEyes",
  "Tags": [
    "VFX",
    "AVFX"
  ],
  "DalamudApiLevel": 11,
  "LoadRequiredState": 0,
  "LoadSync": false,
  "CanUnloadAsync": false,
  "LoadPriority": 69419,
  "Punchline": "Hide annoying or distracting VFXs",
  "AcceptsFeedback": true
}