{
  "Author": "Xorus",
  "Name": "EngageTimer",
  "InternalName": "EngageTimer",
  "AssemblyVersion": "2.2.5.3",
  "Description": "Finally, display all the numbers when starting a countdown!\nComes with an accurate pull timer that starts when you or any of your party members enter combat.\n\nFeatures :\n- Big countdown that displays all the numbers\n- Customizable big-number textures (default, yellow, WoW style or custom files)\n- Display combat time in the Server Info Bar, and/or a floating window\n- OBS browser-source compatible page with countdown and current combat duration\n\nWhy the OBS thing ? Well, it can be useful if you want a big stylized stopwatch in your recordings.\nSee repository for more info.\n\nFeel free so send me feedback, bugs and potential improvements!",
  "ApplicableVersion": "any",
  "RepoUrl": "https://github.com/xorus/EngageTimer",
  "Tags": [
    "countdown",
    "pull timer",
    "stopwatch",
    "OBS",
    "overlay",
    "streaming",
    "combat"
  ],
  "CategoryTags": [
    "jobs"
  ],
  "DalamudApiLevel": 8,
  "LoadRequiredState": 0,
  "LoadSync": false,
  "LoadPriority": 0,
  "ImageUrls": [
    "https://raw.githubusercontent.com/xorus/EngageTimer/main/images/image1.png",
    "https://raw.githubusercontent.com/xorus/EngageTimer/main/images/image2.png",
    "https://raw.githubusercontent.com/xorus/EngageTimer/main/images/image3.png"
  ],
  "IconUrl": "https://raw.githubusercontent.com/xorus/EngageTimer/main/images/icon.png",
  "Punchline": "Complete combat countdown, pull timer and OBS overlay",
  "Changelog": "- Floating Window: option to change the countdown color when casting a spell that will result in a pre-pull.\n- Floating Window: uses the global font-scale, you might need to adjust the font size after the update.\n- Settings: support for closing the settings window with Escape (WindowSystem features)",
  "AcceptsFeedback": true
}