{
  "Author": "Xorus",
  "Name": "EngageTimer",
  "InternalName": "EngageTimer",
  "AssemblyVersion": "2.2.6.0",
  "Description": "Finally, display all the numbers when starting a countdown!\nComes with an accurate pull timer that starts when you or any of your party members enter combat.\n\nFeatures :\n- Big countdown that displays all the numbers\n- Customizable big-number textures (default, yellow, WoW style or custom files)\n- Display combat time in the Server Info Bar, and/or a floating window\n- OBS browser-source compatible page with countdown and current combat duration\n\nWhy the OBS thing ? I like having a big stylized stopwatch in my private recordings and that's about it.\nSee repository for more info.\n\nFeel free so send me feedback, bugs and potential improvements! Check the about page in the plugin settings for more\ninfo. Please report urgent feedback on GitHub or XIVLauncher Discord's support thread for this plugin.",
  "ApplicableVersion": "any",
  "RepoUrl": "https://github.com/xorus/EngageTimer",
  "Tags": [
    "countdown",
    "pull timer",
    "stopwatch",
    "OBS",
    "overlay",
    "streaming",
    "combat"
  ],
  "CategoryTags": [
    "jobs"
  ],
  "DalamudApiLevel": 9,
  "LoadRequiredState": 0,
  "LoadSync": false,
  "CanUnloadAsync": false,
  "LoadPriority": 0,
  "ImageUrls": [
    "https://raw.githubusercontent.com/xorus/EngageTimer/main/images/image1.png",
    "https://raw.githubusercontent.com/xorus/EngageTimer/main/images/image2.png",
    "https://raw.githubusercontent.com/xorus/EngageTimer/main/images/image3.png"
  ],
  "IconUrl": "https://raw.githubusercontent.com/xorus/EngageTimer/main/images/icon.png",
  "Punchline": "Complete combat countdown, pull timer and OBS overlay",
  "Changelog": "- Countdown Ticks: option to make them start at a certain time (e.g. only tick 1 to 10 numbers)\n- Updated to api 9",
  "AcceptsFeedback": true
}