{
  "Author": "Xorus",
  "Name": "EngageTimer",
  "InternalName": "EngageTimer",
  "AssemblyVersion": "2.4.0.1",
  "Description": "Finally, display all the numbers when starting a countdown!\nComes with an accurate pull timer that starts when you or any of your party members enter combat.\n\nFeatures :\n- Big countdown that displays all the numbers\n- Customizable big-number textures (default, yellow, WoW style or custom files)\n- Display combat time in the Server Info Bar, and/or a floating window\n- OBS browser-source compatible page with countdown and current combat duration\n\nWhy the OBS thing ? I like having a big stylized stopwatch in my private recordings and that's about it.\nSee repository for more info.\n\nFeel free so send me feedback, bugs and potential improvements! Check the about page in the plugin settings for more\ninfo. Please report urgent feedback on GitHub or XIVLauncher Discord's support thread for this plugin.",
  "ApplicableVersion": "any",
  "RepoUrl": "https://github.com/xorus/EngageTimer",
  "Tags": [
    "countdown",
    "pull timer",
    "stopwatch",
    "OBS",
    "overlay",
    "streaming",
    "combat"
  ],
  "CategoryTags": [
    "jobs"
  ],
  "DalamudApiLevel": 10,
  "LoadRequiredState": 0,
  "LoadSync": false,
  "CanUnloadAsync": false,
  "LoadPriority": 0,
  "ImageUrls": [
    "https://raw.githubusercontent.com/xorus/EngageTimer/main/images/image1.png",
    "https://raw.githubusercontent.com/xorus/EngageTimer/main/images/image2.png",
    "https://raw.githubusercontent.com/xorus/EngageTimer/main/images/image3.png"
  ],
  "IconUrl": "https://raw.githubusercontent.com/xorus/EngageTimer/main/images/icon.png",
  "Punchline": "Complete combat countdown, pull timer and OBS overlay",
  "Changelog": "- DT compatibility\n- Update for API10:\n  - Use new texture loading for countdown\n  - Migrate to the new font system, the floating window contents might be blurry, this will be fixed soon when I\n    can implement font customization instead of always using the default dalamud one\n- Fix countdown being rounded instead of floored in floating window when disabling decimals",
  "AcceptsFeedback": true
}