{
  "Author": "goat, modded by Franz",
  "Name": "Discord Chat Bridge",
  "InternalName": "Dalamud.DiscordBridge",
  "AssemblyVersion": "1.4.2.1",
  "Description": "This plugin allows you to receive your chat messages via Discord.",
  "ApplicableVersion": "any",
  "RepoUrl": "https://github.com/reiichi001/Dalamud.DiscordBridge",
  "Tags": [
    "discord",
    "chat"
  ],
  "DalamudApiLevel": 8,
  "LoadRequiredState": 0,
  "LoadSync": false,
  "CanUnloadAsync": false,
  "LoadPriority": 0,
  "Punchline": "Receive your chat messages via Discord.",
  "Changelog": "Adds the following new commands:\n- xl!toggleembed - Switches between Webhooks and classical Embeds\n- xl!togglesender - Toggles whether or not to include the sender name in the message content.",
  "AcceptsFeedback": true
}