{
  "Author": "zhudotexe",
  "Name": "PaissaHouse",
  "InternalName": "autoSweep",
  "AssemblyVersion": "1.4.3.0",
  "Description": "Looking for that perfect house? PaissaHouse lets you receive notifications when a new plot of land is up for sale on your home world.\nView the list of all houses available on a world at https://paissadb.zhu.codes/!\n\nWant to contribute? Check out the repository (globe icon below) for instructions.",
  "ApplicableVersion": "any",
  "RepoUrl": "https://github.com/zhudotexe/FFXIV_PaissaHouse",
  "Tags": [
    "housing"
  ],
  "DalamudApiLevel": 9,
  "LoadRequiredState": 0,
  "LoadSync": false,
  "CanUnloadAsync": false,
  "LoadPriority": 0,
  "Punchline": "Crowdsourced housing alerts and lottery tracking for all.",
  "AcceptsFeedback": true
}