{
  "Author": "fmauNeko",
  "Name": "Market board",
  "InternalName": "MarketBoardPlugin",
  "AssemblyVersion": "1.12.3.0",
  "Description": "Market board plugin for Dalamud.",
  "ApplicableVersion": "any",
  "RepoUrl": "https://github.com/fmauNeko/MarketBoardPlugin",
  "Tags": [
    "market",
    "board",
    "marketboard",
    "market board"
  ],
  "DalamudApiLevel": 14,
  "LoadRequiredState": 0,
  "LoadSync": false,
  "CanUnloadAsync": false,
  "LoadPriority": 0,
  "Punchline": "Browse the market board from anywhere.",
  "AcceptsFeedback": true
}