{
  "Author": "Infi, AtmoOmen",
  "Name": "Better Playtime",
  "InternalName": "BetterPlaytime",
  "AssemblyVersion": "1.4.0.1",
  "Description": "提供无缝扩展游戏内原生游戏时间功能显示的功能\n      每位角色需要使用一次 /btime 以在插件内记录一次原始数据\n\n      - 支持多角色\n      - 可自定义的时间输出格式\n      - 角色原始数据记录后即可全自动记录游玩时长\n      - 提供简洁窗口来查看你本次的游玩时长\n      - 支持在服务器信息栏直接显示游玩时长",
  "ApplicableVersion": "any",
  "RepoUrl": "https://github.com/Infiziert90/BetterPlaytime",
  "Tags": [
    "Playtime",
    "plugin",
    "Time",
    "ServerBar",
    "QoL"
  ],
  "DalamudApiLevel": 8,
  "LoadRequiredState": 0,
  "LoadSync": false,
  "LoadPriority": 0,
  "Punchline": "你不好奇精确到秒的游玩时间吗?",
  "AcceptsFeedback": true
}