{
  "Author": "Chickenstew",
  "Name": "Stormtalons",
  "InternalName": "Stormtalons",
  "AssemblyVersion": "1.1.0.4",
  "Description": "Gives the value of current targets health in Stormtalons from the dead game Wildstar.",
  "ApplicableVersion": "any",
  "RepoUrl": "https://github.com/Chickenstew/Stormtalons",
  "DalamudApiLevel": 10,
  "LoadRequiredState": 0,
  "LoadSync": false,
  "CanUnloadAsync": false,
  "LoadPriority": 0,
  "Punchline": "Gives the value of current targets health in Stormtalons from the dead game Wildstar.",
  "AcceptsFeedback": true
}