[{"Id": 24015,"Name": "Wisdom of the Aetherweaver"}, {"Id": 24016,"Name": "Wisdom of the Martialist"}, {"Id": 24017,"Name": "Wisdom of the Platebearer"}, {"Id": 24022,"Name": "Protect L"}, {"Id": 24024,"Name": "Paralyze L"}, {"Id": 24028,"Name": "Feint L"}, {"Id": 24030,"Name": "Backstep L"}, {"Id": 24031,"Name": "Tranquilizer L"}, {"Id": 24033,"Name": "Cure L"}, {"Id": 24036,"Name": "Esuna L"}, {"Id": 24037,"Name": "Incense L"}, {"Id": 24038,"Name": "Raise L"}, {"Id": 24018,"Name": "Wisdom of the Guardian"}, {"Id": 24019,"Name": "Wisdom of the Ordained"}, {"Id": 24020,"Name": "Wisdom of the Skirmisher"}, {"Id": 24021,"Name": "Spirit of the Remembered"}, {"Id": 24023,"Name": "Shell L"}, {"Id": 24025,"Name": "Featherfoot L"}, {"Id": 24026,"Name": "Spirit Dart L"}, {"Id": 24027,"Name": "Dispel L"}, {"Id": 24029,"Name": "Stealth L"}, {"Id": 24032,"Name": "Bloodbath L"}, {"Id": 24034,"Name": "Cure L II"}, {"Id": 24035,"Name": "Stoneskin L"}, {"Id": 24810,"Name": "Wisdom of the Breathtaker"}, {"Id": 24813,"Name": "Magic Burst L"}, {"Id": 24812,"Name": "Double Edge L"}, {"Id": 24811,"Name": "Eagle Eye Shot L"}]