{
  "Author": "apetih,shangxue12138",
  "Name": "Logogram Helper CN",
  "InternalName": "LogogramHelper",
  "AssemblyVersion": "0.0.3.2",
  "Description": "打开文理融合器时，显示可能的合成方式",
  "ApplicableVersion": "any",
  "RepoUrl": "https://github.com/apetih/LogogramHelper",
  "Tags": [
    "eureka",
    "logograms"
  ],
  "CategoryTags": [
    "utility"
  ],
  "DalamudApiLevel": 10,
  "LoadRequiredState": 0,
  "LoadSync": false,
  "CanUnloadAsync": false,
  "LoadPriority": 0,
  "IconUrl": "https://raw.githubusercontent.com/apetih/LogogramHelper/master/res/img/logoslogo.png",
  "Punchline": "优雷卡文理技能的帮助插件。",
  "AcceptsFeedback": true
}