{
  "Author": "apetih",
  "Name": "Logogram Helper",
  "InternalName": "LogogramHelper",
  "AssemblyVersion": "0.0.3.0",
  "Description": "Shows amounts of possible combinations for Eureka's Logos Actions upon entering the Logos Manipulator.",
  "ApplicableVersion": "any",
  "RepoUrl": "https://github.com/apetih/LogogramHelper",
  "Tags": [
    "eureka",
    "logograms"
  ],
  "CategoryTags": [
    "utility"
  ],
  "DalamudApiLevel": 9,
  "LoadRequiredState": 0,
  "LoadSync": false,
  "CanUnloadAsync": false,
  "LoadPriority": 0,
  "IconUrl": "https://raw.githubusercontent.com/apetih/LogogramHelper/master/res/img/logoslogo.png",
  "Punchline": "Helper plugin for Eureka's Logos Actions.",
  "AcceptsFeedback": true
}