[{"Id": 12958,"IconID": 64601,"Recast": "10s","Roles": [62582],"Recipes": [[{"LogogramID": 24015,"Quantity": 1}]]}, {"Id": 12959,"IconID": 64602,"Recast": "10s","Roles": [62581],"Recipes": [[{"LogogramID": 24016,"Quantity": 1}]]}, {"Id": 12960,"IconID": 64603,"Recast": "10s","Roles": [62582, 62584, 62586, 62587],"Recipes": [[{"LogogramID": 24017,"Quantity": 1}]]}, {"Id": 12961,"IconID": 64604,"Recast": "10s","Roles": [62581],"Recipes": [[{"LogogramID": 24018,"Quantity": 1}],[{"LogogramID": 24017,"Quantity": 1}, {"LogogramID": 24022,"Quantity": 1}],[{"LogogramID": 24017,"Quantity": 1}, {"LogogramID": 24035,"Quantity": 1}],[{"LogogramID": 24017,"Quantity": 1}, {"LogogramID": 24037,"Quantity": 2}],[{"LogogramID": 24035,"Quantity": 3}]]}, {"Id": 12962,"IconID": 64605,"Recast": "10s","Roles": [62582],"Recipes": [[{"LogogramID": 24019,"Quantity": 1}],[{"LogogramID": 24015,"Quantity": 1}, {"LogogramID": 24036,"Quantity": 1}],[{"LogogramID": 24015,"Quantity": 1}, {"LogogramID": 24033,"Quantity": 2}],[{"LogogramID": 24034,"Quantity": 3}]]}, {"Id": 12963,"IconID": 64606,"Recast": "10s","Roles": [62584, 62586, 62587],"Recipes": [[{"LogogramID": 24020,"Quantity": 1}],[{"LogogramID": 24016,"Quantity": 1}, {"LogogramID": 24028,"Quantity": 1}],[{"LogogramID": 24016,"Quantity": 3}]]}, {"Id": 12964,"IconID": 64607,"Recast": "10s","Roles": [62581],"Recipes": [[{"LogogramID": 24029,"Quantity": 2}]]}, {"Id": 12965,"IconID": 64608,"Recast": "10s","Roles": [62582],"Recipes": [[{"LogogramID": 24020,"Quantity": 1}, {"LogogramID": 24034,"Quantity": 1}],[{"LogogramID": 24020,"Quantity": 1}, {"LogogramID": 24035,"Quantity": 1}],[{"LogogramID": 24017,"Quantity": 1}, {"LogogramID": 24033,"Quantity": 1}, {"LogogramID": 24035,"Quantity": 1}]]}, {"Id": 12966,"IconID": 64609,"Recast": "10s","Roles": [62584, 62586, 62587],"Recipes": [[{"LogogramID": 24020,"Quantity": 1}, {"LogogramID": 24018,"Quantity": 1}],[{"LogogramID": 24016,"Quantity": 1}, {"LogogramID": 24037,"Quantity": 1}, {"LogogramID": 24020,"Quantity": 1}]]}, {"Id": 12967,"IconID": 64610,"Recast": "10s","Roles": [62144],"Recipes": [[{"LogogramID": 24810,"Quantity": 1}],[{"LogogramID": 24025,"Quantity": 1}, {"LogogramID": 24029,"Quantity": 1}],[{"LogogramID": 24029,"Quantity": 3}],[{"LogogramID": 24025,"Quantity": 3}]]}, {"Id": 12968,"IconID": 64611,"Duration": "180m","Recast": "10s","Roles": [62144],"Recipes": [[{"LogogramID": 24021,"Quantity": 1}],[{"LogogramID": 24016,"Quantity": 1}, {"LogogramID": 24018,"Quantity": 1}],[{"LogogramID": 24015,"Quantity": 1}, {"LogogramID": 24016,"Quantity": 1}, {"LogogramID": 24017,"Quantity": 1}]]}, {"Id": 12969,"IconID": 64612,"Duration": "30m","Cast": "2.5s","Recast": "2.5s","Roles": [62144],"Recipes": [[{"LogogramID": 24022,"Quantity": 1}]]}, {"Id": 12970,"IconID": 64613,"Duration": "30m","Cast": "2.5s","Recast": "2.5s","Roles": [62144],"Recipes": [[{"LogogramID": 24023,"Quantity": 1}],[{"LogogramID": 24036,"Quantity": 1}, {"LogogramID": 24022,"Quantity": 1}]]}, {"Id": 12971,"IconID": 64641,"Cast": "5s","Recast": "300s","Roles": [62144],"Recipes": [[{"LogogramID": 24038,"Quantity": 1}, {"LogogramID": 24027,"Quantity": 1}],[{"LogogramID": 24038,"Quantity": 1}, {"LogogramID": 24031,"Quantity": 2}],[{"LogogramID": 24015,"Quantity": 1}, {"LogogramID": 24024,"Quantity": 1}, {"LogogramID": 24038,"Quantity": 1}],[{"LogogramID": 24027,"Quantity": 3}]]}, {"Id": 12972,"IconID": 64642,"Duration": "30m","Recast": "2.5s","Roles": [62144],"Recipes": [[{"LogogramID": 24020,"Quantity": 1}, {"LogogramID": 24032,"Quantity": 1}],[{"LogogramID": 24032,"Quantity": 3}]]}, {"Id": 12973,"IconID": 64614,"Duration": "60s","Cast": "2.5s","Recast": "2.5s","Roles": [62144],"Recipes": [[{"LogogramID": 24024,"Quantity": 1}]]}, {"Id": 12974,"IconID": 64615,"Duration": "60s","Cast": "2.5s","Recast": "2.5s","Roles": [62144],"Recipes": [[{"LogogramID": 24024,"Quantity": 1}, {"LogogramID": 24026,"Quantity": 1}],[{"LogogramID": 24024,"Quantity": 3}],[{"LogogramID": 24015,"Quantity": 1}, {"LogogramID": 24024,"Quantity": 2}]]}, {"Id": 12975,"IconID": 64643,"Duration": "10","Recast": "90s","Roles": [62144],"Recipes": [[{"LogogramID": 24025,"Quantity": 2}],[{"LogogramID": 24030,"Quantity": 2}, {"LogogramID": 24025,"Quantity": 1}]]}, {"Id": 12976,"IconID": 64616,"Duration": "45s","Recast": "90s","Roles": [62144],"Recipes": [[{"LogogramID": 24025,"Quantity": 1}],[{"LogogramID": 24028,"Quantity": 2}]]}, {"Id": 12977,"IconID": 64617,"Duration": "60s","Recast": "2.5s","Roles": [62584, 62586, 62587],"Recipes": [[{"LogogramID": 24026,"Quantity": 1}],[{"LogogramID": 24031,"Quantity": 1}, {"LogogramID": 24019,"Quantity": 1}],[{"LogogramID": 24015,"Quantity": 1}, {"LogogramID": 24024,"Quantity": 1}, {"LogogramID": 24031,"Quantity": 1}]]}, {"Id": 12978,"IconID": 64618,"Recast": "300s","Roles": [62581, 62584, 62586],"Recipes": [[{"LogogramID": 24018,"Quantity": 1}, {"LogogramID": 24026,"Quantity": 1}],[{"LogogramID": 24032,"Quantity": 2}],[{"LogogramID": 24026,"Quantity": 3}]]}, {"Id": 12979,"IconID": 64619,"Cast": "2.5s","Recast": "2.5s","Roles": [62582, 62584, 62586, 62587],"Recipes": [[{"LogogramID": 24027,"Quantity": 1}],[{"LogogramID": 24036,"Quantity": 1}, {"LogogramID": 24019,"Quantity": 1}],[{"LogogramID": 24036,"Quantity": 3}],[{"LogogramID": 24031,"Quantity": 3}]]}, {"Id": 12980,"IconID": 64620,"Duration": "60s","Recast": "2.5s","Roles": [62581, 62582],"Recipes": [[{"LogogramID": 24028,"Quantity": 1}]]}, {"Id": 12981,"IconID": 64621,"Recast": "15s","Roles": [62144],"Recipes": [[{"LogogramID": 24029,"Quantity": 1}],[{"LogogramID": 24019,"Quantity": 1}, {"LogogramID": 24023,"Quantity": 1}]]}, {"Id": 12982,"IconID": 64622,"Recast": "5s","Roles": [62144],"Recipes": [[{"LogogramID": 24030,"Quantity": 1}, {"LogogramID": 24029,"Quantity": 1}],[{"LogogramID": 24016,"Quantity": 1}, {"LogogramID": 24030,"Quantity": 1}, {"LogogramID": 24028,"Quantity": 1}]]}, {"Id": 12983,"IconID": 64623,"Recast": "5s","Roles": [62144],"Recipes": [[{"LogogramID": 24030,"Quantity": 1}]]}, {"Id": 12984,"IconID": 64624,"Duration": "8s","Recast": "30s","Roles": [62144],"Recipes": [[{"LogogramID": 24031,"Quantity": 1}]]}, {"Id": 12985,"IconID": 64625,"Duration": "45s","Recast": "60s","Roles": [62144],"Recipes": [[{"LogogramID": 24032,"Quantity": 1}],[{"LogogramID": 24033,"Quantity": 1}, {"LogogramID": 24020,"Quantity": 1}],[{"LogogramID": 24016,"Quantity": 2}, {"LogogramID": 24033,"Quantity": 1}]]}, {"Id": 12986,"IconID": 64626,"Recast": "30s","Roles": [62144],"Recipes": [[{"LogogramID": 24032,"Quantity": 1}, {"LogogramID": 24023,"Quantity": 1}],[{"LogogramID": 24021,"Quantity": 1}, {"LogogramID": 24026,"Quantity": 1}]]}, {"Id": 12987,"IconID": 64627,"Duration": "30s","Recast": "30s","Roles": [62581],"Recipes": [[{"LogogramID": 24020,"Quantity": 1}, {"LogogramID": 24025,"Quantity": 1}],[{"LogogramID": 24016,"Quantity": 1}, {"LogogramID": 24037,"Quantity": 1}, {"LogogramID": 24025,"Quantity": 1}]]}, {"Id": 12988,"IconID": 64628,"Duration": "15s","Recast": "90s","Roles": [62581, 62584, 62586, 62587],"Recipes": [[{"LogogramID": 24036,"Quantity": 1}, {"LogogramID": 24027,"Quantity": 1}],[{"LogogramID": 24033,"Quantity": 1}, {"LogogramID": 24036,"Quantity": 1}, {"LogogramID": 24028,"Quantity": 1}]]}, {"Id": 12989,"IconID": 64629,"Cast": "2s","Recast": "2.5s","Roles": [62581, 62584, 62586, 62587],"Recipes": [[{"LogogramID": 24033,"Quantity": 1}]]}, {"Id": 12990,"IconID": 64630,"Recast": "5s","Roles": [62584, 62586, 62587],"Recipes": [[{"LogogramID": 24034,"Quantity": 1}],[{"LogogramID": 24033,"Quantity": 1}, {"LogogramID": 24019,"Quantity": 1}],[{"LogogramID": 24033,"Quantity": 3}],[{"LogogramID": 24038,"Quantity": 3}]]}, {"Id": 12991,"IconID": 64631,"Duration": "30s","Cast": "2s","Recast": "2.5s","Roles": [62144],"Recipes": [[{"LogogramID": 24035,"Quantity": 1}],[{"LogogramID": 24022,"Quantity": 1}, {"LogogramID": 24023,"Quantity": 1}],[{"LogogramID": 24022,"Quantity": 3}],[{"LogogramID": 24023,"Quantity": 3}]]}, {"Id": 12992,"IconID": 64632,"Cast": "2s","Recast": "2.5s","Roles": [62581, 62584, 62586, 62587],"Recipes": [[{"LogogramID": 24032,"Quantity": 1}, {"LogogramID": 24019,"Quantity": 1}],[{"LogogramID": 24034,"Quantity": 2}],[{"LogogramID": 24033,"Quantity": 2}, {"LogogramID": 24019,"Quantity": 1}]]}, {"Id": 12993,"IconID": 64633,"Duration": "21s","Recast": "2.5s","Roles": [62581, 62584, 62586, 62587],"Recipes": [[{"LogogramID": 24031,"Quantity": 1}, {"LogogramID": 24034,"Quantity": 1}],[{"LogogramID": 24028,"Quantity": 1}, {"LogogramID": 24034,"Quantity": 1}],[{"LogogramID": 24033,"Quantity": 2}, {"LogogramID": 24028,"Quantity": 1}]]}, {"Id": 12994,"IconID": 64634,"Cast": "1s","Recast": "2.5s","Roles": [62581, 62584, 62586, 62587],"Recipes": [[{"LogogramID": 24036,"Quantity": 1}]]}, {"Id": 12995,"IconID": 64644,"Duration": "15s","Recast": "20s","Roles": [62582, 62584, 62586, 62587],"Recipes": [[{"LogogramID": 24037,"Quantity": 1}]]}, {"Id": 12996,"IconID": 64645,"Cast": "3s","Recast": "2.5s","Roles": [62581, 62584, 62586, 62587],"Recipes": [[{"LogogramID": 24038,"Quantity": 1}]]}, {"Id": 12997,"IconID": 64635,"Duration": "300s","Cast": "2.5s","Recast": "2.5s","Roles": [62582, 62587],"Recipes": [[{"LogogramID": 24020,"Quantity": 1}, {"LogogramID": 24018,"Quantity": 1}, {"LogogramID": 24019,"Quantity": 1}]]}, {"Id": 12998,"IconID": 64636,"Duration": "8s","Recast": "300s","Roles": [62582, 62584, 62586, 62587],"Recipes": [[{"LogogramID": 24022,"Quantity": 1}, {"LogogramID": 24018,"Quantity": 1}, {"LogogramID": 24035,"Quantity": 1}]]}, {"Id": 12999,"IconID": 64637,"Duration": "8s","Recast": "300s","Roles": [62582, 62584, 62586, 62587],"Recipes": [[{"LogogramID": 24018,"Quantity": 1}, {"LogogramID": 24023,"Quantity": 1}, {"LogogramID": 24035,"Quantity": 1}]]}, {"Id": 13000,"IconID": 64646,"Duration": "10s","Recast": "2.5s","Roles": [62144],"Recipes": [[{"LogogramID": 24022,"Quantity": 1}, {"LogogramID": 24019,"Quantity": 1}, {"LogogramID": 24023,"Quantity": 1}]]}, {"Id": 13001,"IconID": 64638,"Recast": "45s","Roles": [62581],"Recipes": [[{"LogogramID": 24031,"Quantity": 1}, {"LogogramID": 24020,"Quantity": 1}, {"LogogramID": 24026,"Quantity": 1}]]}, {"Id": 13002,"IconID": 64647,"Duration": "30s","Cast": "3s","Recast": "2.5s","Roles": [62582],"Recipes": [[{"LogogramID": 24015,"Quantity": 1}, {"LogogramID": 24019,"Quantity": 1}, {"LogogramID": 24034,"Quantity": 1}]]}, {"Id": 13003,"IconID": 64639,"Duration": "60s","Cast": "2.5s","Recast": "2.5s","Roles": [62582],"Recipes": [[{"LogogramID": 24015,"Quantity": 1}, {"LogogramID": 24027,"Quantity": 2}]]}, {"Id": 13004,"IconID": 64640,"Duration": "60","Cast": "3s","Recast": "2.5s","Roles": [62582],"Recipes": [[{"LogogramID": 24019,"Quantity": 1}, {"LogogramID": 24027,"Quantity": 2}]]}, {"Id": 13005,"IconID": 64648,"Duration": "20s","Recast": "90s","Roles": [62582, 62587],"Recipes": [[{"LogogramID": 24813,"Quantity": 1}],[{"LogogramID": 24021,"Quantity": 1}, {"LogogramID": 24019,"Quantity": 1}, {"LogogramID": 24035,"Quantity": 1}]]}, {"Id": 13006,"IconID": 64649,"Duration": "48s","Recast": "90s","Roles": [62581, 62584],"Recipes": [[{"LogogramID": 24812,"Quantity": 1}],[{"LogogramID": 24020,"Quantity": 1}, {"LogogramID": 24032,"Quantity": 1}, {"LogogramID": 24018,"Quantity": 1}]]}, {"Id": 13007,"IconID": 64650,"Recast": "2.5s","Roles": [62586],"Recipes": [[{"LogogramID": 24811,"Quantity": 1}],[{"LogogramID": 24020,"Quantity": 1}, {"LogogramID": 24021,"Quantity": 1}, {"LogogramID": 24026,"Quantity": 1}]]}, {"Id": 14476,"IconID": 64651,"Recast": "3.5s","Roles": [62584, 62586, 62587],"Recipes": [[{"LogogramID": 24810,"Quantity": 2}],[{"LogogramID": 24029,"Quantity": 1}, {"LogogramID": 24027,"Quantity": 1}, {"LogogramID": 24810,"Quantity": 1}]]}, {"Id": 14477,"IconID": 64652,"Recast": "10s","Roles": [62587],"Recipes": [[{"LogogramID": 24015,"Quantity": 1}, {"LogogramID": 24019,"Quantity": 1}, {"LogogramID": 24813,"Quantity": 1}],[{"LogogramID": 24018,"Quantity": 1}, {"LogogramID": 24035,"Quantity": 1}, {"LogogramID": 24813,"Quantity": 1}]]}, {"Id": 14478,"IconID": 64653,"Recast": "10s","Roles": [62584],"Recipes": [[{"LogogramID": 24020,"Quantity": 2}, {"LogogramID": 24812,"Quantity": 1}],[{"LogogramID": 24030,"Quantity": 1}, {"LogogramID": 24032,"Quantity": 1}, {"LogogramID": 24812,"Quantity": 1}]]}, {"Id": 14479,"IconID": 64654,"Recast": "10s","Roles": [62586],"Recipes": [[{"LogogramID": 24025,"Quantity": 1}, {"LogogramID": 24026,"Quantity": 1}, {"LogogramID": 24811,"Quantity": 1}],[{"LogogramID": 24028,"Quantity": 1}, {"LogogramID": 24031,"Quantity": 1}, {"LogogramID": 24811,"Quantity": 1}]]}, {"Id": 14480,"IconID": 64655,"Recast": "10s","Roles": [62581],"Recipes": [[{"LogogramID": 24017,"Quantity": 1}, {"LogogramID": 24037,"Quantity": 1}, {"LogogramID": 24812,"Quantity": 1}],[{"LogogramID": 24022,"Quantity": 1}, {"LogogramID": 24021,"Quantity": 1}, {"LogogramID": 24812,"Quantity": 1}]]}, {"Id": 14481,"IconID": 64656,"Duration": "10s","Cast": "3s","Recast": "2.5s","Roles": [62582],"Recipes": [[{"LogogramID": 24036,"Quantity": 1}, {"LogogramID": 24038,"Quantity": 1}, {"LogogramID": 24813,"Quantity": 1}]]}]