{
    "tab.Profiles": "Profils",
    "tab.Automation": "Automatisation",
    "tab.Backups": "Backups",
    "tab.Settings": "Paramètres",
    "tab.Debug": "Debug",

    "btn.SaveHotbars": "Sauvegarder les barres actuelles",
    "btn.LoadProfile": "Charger ce profil",
    "btn.UndoLastSave": "Annuler la dernière sauvegarde",
    "btn.ClearHotbars": "Vider les barres utilisées",

    "text.Hotbar": "Barre de raccourcis #{0}",
    "text.NoCondition": "Pas de conditions...",
    "text.None": "---",
    "text.HotbarsToLoad": "Barres à charger en exécutant \"/barload\"",
    "text.Export": "Exporter",

    "selectable.DeleteProfile": "Supprimer le profil \"{0}\" de manière permanente",

    "tooltip.CreateProfile": "Créer un nouveau profil",
    "tooltip.ImportProfile": "Importer un profil depuis le presse-papier",
    "tooltip.DeleteProfile": "Garder SHIFT enfoncé pour supprimer",
    "tooltip.DragAndSlide": "Vous pouvez glisser-déposer les icones pour les ré-arranger dans cette barre",
    "tooltip.SwapToAbove": "Changer la position avec l'objet du dessus",
    "tooltip.SwapToAboveCondition": "Changer la position du set de condition avec celle du dessus.\nChange aussi les conditions des profils qui utilisent les deux changées.",
    "tooltip.SwapToBelow": "Changer la position avec l'objet du dessous",
    "tooltip.SwapToBelowCondition": "Changer la position du set de condition avec celle en dessous.\nChange aussi les conditions des profils qui utilisent les deux changées.",
    "tooltip.ConditionSetTutorial": "Les conditions à vérifier pour charger ce profil.\nLaissez cette case vide si vous ne voulez pas charger ce profil automatiquement.\nAttention: L'ordre des profils est important, ceux avec un ID plus haut seront chargés en dernier.",
    "tooltip.HoldToShift": "Clic-gauche et glisser : changer l'ordre des actions",
    "tooltip.TransparentSlot": "Case Transparente",
    "tooltip.NonTransparentSlot": "Case Non Transparente",
    "tooltip.EmptySlot": "Clic-droit : vider la case",
    "tooltip.ToggleTransparency": "Shift + Clic-droit : basculer la transparence",
    "tooltip.ProfileIcon": "Icone du profil",
    "tooltip.ProfileHelp": "Vous pouvez garder le clic gauche enfoncé et glisser en bas ou en haut pour réorganiser vos profils.",
    "tooltip.LoadBackup": "Appuyer sur ce bouton va charger la dernière backup et peut modifier vos paramètres et barres. Ce n'est pas réversible.\nGarder SHIFT enfoncé pour charger.",

    "notify.ProfileSaved": "Profil sauvegardé : {0}",
    "notify.CannotImport": "Impossible d'importer le profil",
    "notify.ProfileImported": "Profil importé : {0}",
    "notify.ProfileExported": "Profil exporté et copié dans le presse-papier : {0}",
    "notify.ConditionSetExported": "Set de condition exporté et copié dans le presse-papier : {0}",

    "error.ProfileNull": "Le profil '{0}' n'existe pas.",
    "error.Usage": "Mauvais arguments. Utilisation: ",

    "conf.ExportOnDelete": "Exporter à la suppression",
    "conf.PopulateWhenCreatingProfile": "Remplir les profils nouvellement créés avec les barres actuelles",

    "cond.Delete": "Clique droit pour supprimer cette condition",
    "cond.True": "Vrai",
    "cond.False": "Faux",
    "cond.Set": "Mis à (Jusqu'à cette condition) : {0}",
    "cond.Is": "EST",
    "cond.IsNot": "N'EST PAS"
}
