{
  "Author": "Fools by Goat, taken over by Roselyn, on life support by Franz",
  "Name": "Elden Ring April Fools",
  "InternalName": "EldenRing",
  "AssemblyVersion": "0.0.3.0",
  "Description": "Currently under development with extra features, should currently function as the April Fools joke did.",
  "ApplicableVersion": "any",
  "RepoUrl": "https://github.com/reiichi001/EldenRingDalamud",
  "Tags": [
    "Elden Ring",
    "plugin",
    "Death",
    "Craft"
  ],
  "DalamudApiLevel": 10,
  "LoadRequiredState": 0,
  "LoadSync": false,
  "CanUnloadAsync": false,
  "LoadPriority": 0,
  "Punchline": "Recreation of the Elden Ring April Fools joke.",
  "AcceptsFeedback": true
}