{
  "Author": "Una",
  "Name": "Umbra XIV",
  "InternalName": "Umbra",
  "AssemblyVersion": "3.1.11.0",
  "Description": "Umbra UI",
  "ApplicableVersion": "any",
  "RepoUrl": "https://github.com/una-xiv/umbra",
  "Tags": [
    "ui",
    "marker",
    "markers",
    "toolbar"
  ],
  "DalamudApiLevel": 14,
  "LoadRequiredState": 0,
  "LoadSync": false,
  "CanUnloadAsync": false,
  "LoadPriority": 0,
  "Punchline": "Adds fully customizable toolbars and 3D world markers to the game.",
  "AcceptsFeedback": true
}