{
  "Author": "Chalkos",
  "Name": "RepairMe",
  "InternalName": "RepairMe",
  "AssemblyVersion": "1.0.1.19",
  "Description": "Helps you notice when your gear needs to be repaired or has materia to be extracted.",
  "ApplicableVersion": "any",
  "RepoUrl": "https://github.com/chalkos/RepairMe",
  "Tags": [
    "Repair",
    "Materia",
    "Spiritbond",
    "Alert",
    "Condition",
    "Gear"
  ],
  "DalamudApiLevel": 13,
  "LoadRequiredState": 0,
  "LoadSync": false,
  "CanUnloadAsync": false,
  "LoadPriority": 0,
  "ImageUrls": [
    "https://raw.githubusercontent.com/goatcorp/DalamudPluginsD17/main/stable/RepairMe/images/image1.png",
    "https://raw.githubusercontent.com/goatcorp/DalamudPluginsD17/main/stable/RepairMe/images/image2.png",
    "https://raw.githubusercontent.com/goatcorp/DalamudPluginsD17/main/stable/RepairMe/images/image3.png",
    "https://raw.githubusercontent.com/goatcorp/DalamudPluginsD17/main/stable/RepairMe/images/image4.png"
  ],
  "IconUrl": "https://raw.githubusercontent.com/goatcorp/DalamudPluginsD17/main/stable/RepairMe/images/icon.png",
  "Punchline": "Never forget to repair & extract materia again!",
  "AcceptsFeedback": true
}